,baseMean,log2FoldChange,padj,seed_ortholog,evalue,evalue,score,score,eggNOG_OGs,max_annot_lvl,COG_category,Description,Preferred_name,GOs,EC,KEGG_ko,KO definition,KEGG_Pathway,significant,Stress Category
NODE_300_length_12451_cov_580.947160_4,15172.5779546121,0.803942705931794,0.118113121394142,203124.Tery_0398,3.7399999999999996e-284,3.37e-311,735.0,847.0,"COG0451@1|root,COG0451@2|Bacteria,1G0TM@1117|Cyanobacteria,1H797@1150|Oscillatoriales",1117|Cyanobacteria,GM,NAD dependent epimerase dehydratase family,sqdB,-,3.13.1.1,ko:K06118,UDP-sulfoquinovose synthase [EC:3.13.1.1],"ko00520,ko00561,map00520,map00561",Non-significant,P stress
NODE_135_length_27484_cov_1500.136316_15,2168.98065513896,0.310444418848464,0.45025743827992,203124.Tery_5000,8.65e-272,4.69e-234,461.9,643.0,"COG3627@1|root,COG3627@2|Bacteria,1G3KN@1117|Cyanobacteria,1H738@1150|Oscillatoriales",1117|Cyanobacteria,P,of phosphonate,phnJ,-,4.7.1.1,ko:K06163,alpha-D-ribose 1-methylphosphonate 5-phosphate C-P lyase [EC:4.7.1.1],"ko00440,map00440",Non-significant,P stress
NODE_177_length_21761_cov_483.241500_5,3098.01862315162,0.354990904079545,0.301983220551164,203124.Tery_4464,0.0,0.0,420.8,1501.0,"COG3211@1|root,COG3211@2|Bacteria,1G1TG@1117|Cyanobacteria,1H9A1@1150|Oscillatoriales",1117|Cyanobacteria,S,PFAM Bacterial protein of,-,-,-,ko:K07093,uncharacterized protein,-,Non-significant,P stress
NODE_55_length_48138_cov_477.565980_31,13898.7555268464,-2.22283947096487,8.29864514373639e-05,203124.Tery_3845,,0.0,413.3,1602.0,"COG3211@1|root,COG3211@2|Bacteria,1G1TG@1117|Cyanobacteria,1H9A1@1150|Oscillatoriales",1117|Cyanobacteria,S,PFAM Bacterial protein of,-,-,-,ko:K07093,uncharacterized protein,-,Significant,P stress
NODE_58_length_47488_cov_498.600194_13,487.316402402111,5.43161433639872,1.47966379006251e-08,203124.Tery_2777,1.0599999999999999e-241,0.0,368.6,2529.0,"COG0584@1|root,COG2931@1|root,COG4222@1|root,COG0584@2|Bacteria,COG2931@2|Bacteria,COG4222@2|Bacteria,1G106@1117|Cyanobacteria,1H77T@1150|Oscillatoriales",1117|Cyanobacteria,C,glycerophosphoryl diester phosphodiesterase,-,-,3.1.4.46,ko:K01126,glycerophosphoryl diester phosphodiesterase [EC:3.1.4.46],"ko00564,map00564",Significant,P stress
NODE_84_length_38363_cov_838.174533_1,5651.60834468221,0.66313340302347,0.275792883887612,203124.Tery_4192,0.0,0.0,293.4,995.0,"COG2931@1|root,COG2931@2|Bacteria,1G1I0@1117|Cyanobacteria,1H84J@1150|Oscillatoriales",1117|Cyanobacteria,Q,RTX toxins and related Ca2 binding proteins,-,-,-,-,serralysin [EC:3.4.24.40],-,Non-significant,P stress
NODE_84_length_38363_cov_838.174533_2,3207.33438528234,0.437664960436486,0.499518066174811,203124.Tery_4191,0.0,0.0,287.0,911.0,"COG2931@1|root,COG2931@2|Bacteria,1G1I0@1117|Cyanobacteria,1H84J@1150|Oscillatoriales",1117|Cyanobacteria,Q,RTX toxins and related Ca2 binding proteins,-,-,-,-,serralysin [EC:3.4.24.40],-,Non-significant,P stress
NODE_61_length_46384_cov_510.178161_29,12112.4978455876,2.3719561503859,7.6220290536819e-06,203124.Tery_2593,,0.0,254.4,1008.0,"COG2931@1|root,COG2931@2|Bacteria,1G1I0@1117|Cyanobacteria,1HAPI@1150|Oscillatoriales",1117|Cyanobacteria,Q,PFAM Hemolysin-type calcium-binding repeat (2 copies),-,-,-,-,serralysin [EC:3.4.24.40],-,Significant,P stress
NODE_66_length_44870_cov_799.479527_5,6554.03957658073,-0.305888753811388,0.650197611695687,203124.Tery_3534,1.85e-260,6.9e-257,227.8,704.0,"COG0226@1|root,COG0226@2|Bacteria,1G0SW@1117|Cyanobacteria,1H70R@1150|Oscillatoriales",1117|Cyanobacteria,P,Belongs to the PstS family,pstS,-,-,ko:K02040,phosphate transport system substrate-binding protein,"ko02010,ko02020,ko05152,map02010,map02020,map05152",Non-significant,P stress
NODE_66_length_44870_cov_799.479527_8,5252.23296788329,1.12359988790037,0.0066607183806143,203124.Tery_3537,4.9e-259,1.82e-255,226.3,701.0,"COG0226@1|root,COG0226@2|Bacteria,1G0SW@1117|Cyanobacteria,1H70R@1150|Oscillatoriales",1117|Cyanobacteria,P,Belongs to the PstS family,pstS,-,-,ko:K02040,phosphate transport system substrate-binding protein,"ko02010,ko02020,ko05152,map02010,map02020,map05152",Significant,P stress
NODE_153_length_24944_cov_757.707019_21,1201.41702170996,1.73165471327499,8.79599706312059e-05,203124.Tery_3919,3.99e-274,1.5e-45,218.1,168.0,"COG2931@1|root,COG2931@2|Bacteria,1G1I0@1117|Cyanobacteria,1HA0R@1150|Oscillatoriales",1117|Cyanobacteria,Q,Haemolysin-type calcium-binding repeat (2 copies),-,-,-,-,serralysin [EC:3.4.24.40],-,Significant,P stress
NODE_848_length_3353_cov_972.638266_1,1459.72026788437,3.81177514494976,2.21232944494169e-10,203124.Tery_3470,2.6799999999999998e-300,4.27e-293,212.6,912.0,"COG2373@1|root,COG2911@1|root,COG2931@1|root,COG5625@1|root,COG2373@2|Bacteria,COG2911@2|Bacteria,COG2931@2|Bacteria,COG5625@2|Bacteria,1G0DX@1117|Cyanobacteria,1H8AY@1150|Oscillatoriales",1117|Cyanobacteria,Q,COG2931 RTX toxins and related Ca2 -binding,-,-,-,-,serralysin [EC:3.4.24.40],-,Significant,P stress
NODE_224_length_18125_cov_466.151245_4,586.109103170685,6.21156484931329,3.64012135206749e-15,203124.Tery_0405,0.0,0.0,169.9,1031.0,"COG2931@1|root,COG2931@2|Bacteria,1G6I0@1117|Cyanobacteria,1HB7N@1150|Oscillatoriales",1117|Cyanobacteria,Q,Haemolysin-type calcium-binding repeat (2 copies),-,-,-,-,serralysin [EC:3.4.24.40],-,Significant,P stress
NODE_27_length_64413_cov_610.830619_20,17868.6271510795,0.805445728993249,0.0623939149120354,203124.Tery_1355,5.800000000000001e-181,5.98e-237,168.6,676.0,"COG2931@1|root,COG2931@2|Bacteria,1G4DR@1117|Cyanobacteria,1H94J@1150|Oscillatoriales",1117|Cyanobacteria,Q,Haemolysin-type calcium-binding repeat (2 copies),-,-,-,-,serralysin [EC:3.4.24.40],-,Non-significant,P stress
NODE_5_length_92424_cov_618.323723_29,459.057435601979,0.0034020803381187,0.995640193473791,203124.Tery_1053,,1.8899999999999998e-165,154.4,463.0,"COG0584@1|root,COG0584@2|Bacteria,1G81X@1117|Cyanobacteria",1117|Cyanobacteria,C,glycerophosphoryl diester phosphodiesterase,-,-,3.1.4.46,ko:K01126,glycerophosphoryl diester phosphodiesterase [EC:3.1.4.46],"ko00564,map00564",Non-significant,P stress
NODE_2249_length_1123_cov_798.580524_1,4018.58001205798,-1.26010575154904,0.12881117092718,203124.Tery_2034,4.01e-118,2.94e-114,153.1,369.0,"COG2931@1|root,COG2931@2|Bacteria,1G1I0@1117|Cyanobacteria,1H84J@1150|Oscillatoriales",1117|Cyanobacteria,Q,RTX toxins and related Ca2 binding proteins,-,-,-,-,serralysin [EC:3.4.24.40],-,Non-significant,P stress
NODE_2357_length_1079_cov_637.052734_1,1365.18430778044,1.22549686808866,0.0419960710712681,203124.Tery_2591,8.01e-48,2.64e-43,142.0,168.0,"COG2931@1|root,COG2931@2|Bacteria,1G0DX@1117|Cyanobacteria,1HH6X@1150|Oscillatoriales",1117|Cyanobacteria,Q,Haemolysin-type calcium-binding repeat (2 copies),-,-,-,-,serralysin [EC:3.4.24.40],-,Significant,P stress
NODE_568_length_5947_cov_402.945010_1,189357.602834142,-4.54748728514331,2.7262758466516004e-10,203124.Tery_4754,0.0,0.0,133.3,2149.0,"COG0834@1|root,COG2931@1|root,COG0834@2|Bacteria,COG2931@2|Bacteria,1GJ0Y@1117|Cyanobacteria,1HE7Q@1150|Oscillatoriales",1117|Cyanobacteria,ET,"extracellular solute-binding protein, family 3",-,-,-,-,serralysin [EC:3.4.24.40],-,Significant,P stress
NODE_68_length_43634_cov_511.566328_11,1584.39127441516,7.17190033950313,5.47623016048027e-20,203124.Tery_0591,1.97e-303,2.4099999999999997e-298,132.7,847.0,"COG2931@1|root,COG2931@2|Bacteria,1GQCK@1117|Cyanobacteria,1HE4F@1150|Oscillatoriales",1117|Cyanobacteria,Q,"Repeat domain in Vibrio, Colwellia, Bradyrhizobium and Shewanella",-,-,3.4.24.40,ko:K01406,serralysin [EC:3.4.24.40],"ko01503,map01503",Significant,P stress
NODE_56_length_48013_cov_444.751658_36,5500.98948197262,-1.22111101598007,0.057780111161444,203124.Tery_1967,,0.0,118.1,1627.0,"COG0226@1|root,COG3330@1|root,COG0226@2|Bacteria,COG3330@2|Bacteria,1G18J@1117|Cyanobacteria,1H9NZ@1150|Oscillatoriales",1117|Cyanobacteria,P,"ABC-type phosphate transport system, periplasmic component",-,-,-,ko:K02040,phosphate transport system substrate-binding protein,"ko02010,ko02020,ko05152,map02010,map02020,map05152",Non-significant,P stress
NODE_126_length_28695_cov_1005.276920_8,1105.39521658787,1.56908373356241,0.000557047769287,203124.Tery_1623,1.19e-140,4.01e-135,114.8,410.0,"COG2931@1|root,COG2931@2|Bacteria,1G1I0@1117|Cyanobacteria",1117|Cyanobacteria,Q,Hemolysin-type calcium-binding repeat (2 copies),-,-,-,-,serralysin [EC:3.4.24.40],-,Significant,P stress
NODE_46_length_55696_cov_443.642674_41,435.117944460734,4.8649609725346,3.83229036939707e-12,203124.Tery_1884,,5.56e-266,113.8,746.0,"COG2931@1|root,COG5640@1|root,COG2931@2|Bacteria,COG5640@2|Bacteria,1G5D3@1117|Cyanobacteria,1HBY4@1150|Oscillatoriales",1117|Cyanobacteria,O,"peptidase S1 and S6, chymotrypsin Hap",-,-,-,-,serralysin [EC:3.4.24.40],-,Significant,P stress
NODE_308_length_12276_cov_574.693560_1,2115.15030028901,6.57995027399932,6.3562433225759005e-22,203124.Tery_3467,0.0,0.0,111.8,2031.0,"COG2931@1|root,COG3391@1|root,COG4222@1|root,COG2931@2|Bacteria,COG3391@2|Bacteria,COG4222@2|Bacteria,1G0YK@1117|Cyanobacteria,1H90W@1150|Oscillatoriales",1117|Cyanobacteria,F,phosphatase,-,-,-,-,serralysin [EC:3.4.24.40],-,Significant,P stress
NODE_207_length_19337_cov_381.605798_9,16046.5264844619,-0.116064177892993,0.82663834960409,203124.Tery_2710,8.88e-84,7.530000000000001e-79,107.4,250.0,"COG2931@1|root,COG2931@2|Bacteria,1G5JI@1117|Cyanobacteria,1HART@1150|Oscillatoriales",1117|Cyanobacteria,Q,Haemolysin-type calcium-binding repeat (2 copies),-,-,-,-,serralysin [EC:3.4.24.40],-,Non-significant,P stress
NODE_643_length_4964_cov_431.341414_3,1275.87945613372,1.19380949714232,0.0003927968046901,203124.Tery_2704,6.39e-243,3.21e-237,106.9,662.0,"COG0652@1|root,COG2931@1|root,COG0652@2|Bacteria,COG2931@2|Bacteria,1G41E@1117|Cyanobacteria,1H92T@1150|Oscillatoriales",1117|Cyanobacteria,OQ,Peptidyl-prolyl cis-trans isomerase,-,-,5.2.1.8,ko:K03768,serralysin [EC:3.4.24.40],-,Significant,P stress
NODE_1364_length_1782_cov_1118.033005_1,2849.84927819047,0.96338116818312,0.124379605818792,203124.Tery_0419,8.24e-150,8.280000000000001e-144,105.5,439.0,"COG2931@1|root,COG2931@2|Bacteria",2|Bacteria,Q,calcium- and calmodulin-responsive adenylate cyclase activity,-,-,-,-,serralysin [EC:3.4.24.40],-,Non-significant,P stress
NODE_574_length_5878_cov_483.091705_6,36.3689604527227,5.67046576175065,0.0023121417566447,696747.NIES39_Q02110,1.74e-09,3.73e-06,105.1,55.8,"COG2931@1|root,COG2931@2|Bacteria,1G1I0@1117|Cyanobacteria,1HEV0@1150|Oscillatoriales",1117|Cyanobacteria,Q,Haemolysin-type calcium-binding repeat (2 copies),-,-,-,-,serralysin [EC:3.4.24.40],-,Significant,P stress
NODE_242_length_16270_cov_601.892754_13,705.890816586447,2.31805773548267,8.49087832302829e-06,203124.Tery_2318,0.0,3.0600000000000003e-72,102.9,229.0,"COG2931@1|root,COG2931@2|Bacteria,1G7PG@1117|Cyanobacteria,1HCJP@1150|Oscillatoriales",1117|Cyanobacteria,Q,Haemolysin-type calcium-binding repeat (2 copies),-,-,-,-,serralysin [EC:3.4.24.40],-,Significant,P stress
NODE_6977_length_543_cov_3.270492_1,487.102365449767,-14.2784561587383,3.78157650576223e-20,203124.Tery_0488,,3.9699999999999994e-34,100.1,134.0,"COG1404@1|root,COG2931@1|root,COG1404@2|Bacteria,COG2931@2|Bacteria,1G04D@1117|Cyanobacteria,1H8XR@1150|Oscillatoriales",1117|Cyanobacteria,O,Belongs to the peptidase S8 family,-,-,-,-,serralysin [EC:3.4.24.40],-,Significant,P stress
NODE_13_length_80722_cov_421.801753_4,1001.28353617418,1.78692197269379,0.0003756203243107,203124.Tery_3216,3.52e-116,2.62e-112,91.5,358.0,"COG2931@1|root,COG2931@2|Bacteria,1G1I0@1117|Cyanobacteria,1H84J@1150|Oscillatoriales",1117|Cyanobacteria,Q,RTX toxins and related Ca2 binding proteins,-,-,-,-,serralysin [EC:3.4.24.40],-,Significant,P stress
NODE_63291_length_244_cov_1.015873_1,906.937926152836,-15.1801444939722,1.42142407316291e-21,203124.Tery_0398,,1.9299999999999997e-42,84.5,149.0,"COG0451@1|root,COG0451@2|Bacteria,1G0TM@1117|Cyanobacteria,1H797@1150|Oscillatoriales",1117|Cyanobacteria,GM,NAD dependent epimerase dehydratase family,sqdB,-,3.13.1.1,ko:K06118,UDP-sulfoquinovose synthase [EC:3.13.1.1],"ko00520,ko00561,map00520,map00561",Significant,P stress
NODE_44_length_57126_cov_1085.996355_32,8557.30215381235,-3.29584494089019,4.29402123745948e-12,203124.Tery_3756,,4.69e-67,85.1,214.0,"COG2931@1|root,COG2931@2|Bacteria",2|Bacteria,Q,calcium- and calmodulin-responsive adenylate cyclase activity,-,-,"3.4.16.4,3.4.24.40,4.2.2.3","ko:K01286,ko:K01406,ko:K01729,ko:K09005",serralysin [EC:3.4.24.40],"ko00051,ko01503,map00051,map01503",Significant,P stress
NODE_1044_length_2478_cov_496.401156_1,10565.265284674,0.51223789468766,0.268514349100126,203124.Tery_0803,0.0,0.0,80.3,1072.0,"COG2931@1|root,COG2931@2|Bacteria,1GC8H@1117|Cyanobacteria,1HE6F@1150|Oscillatoriales",1117|Cyanobacteria,Q,calcium- and calmodulin-responsive adenylate cyclase activity,-,-,-,-,serralysin [EC:3.4.24.40],-,Non-significant,P stress
NODE_144_length_26430_cov_454.532626_5,662.848471402601,4.92407522643622,9.59089334680075e-13,203124.Tery_3664,5.45e-222,0.0,79.8,1238.0,"COG2931@1|root,COG2931@2|Bacteria,1G3V2@1117|Cyanobacteria,1H9MJ@1150|Oscillatoriales",1117|Cyanobacteria,Q,Hemolysin-type calcium-binding repeat (2 copies),-,-,-,-,serralysin [EC:3.4.24.40],-,Significant,P stress
NODE_83_length_38371_cov_509.963905_14,10826.4708648274,7.91005774373054,3.5001114572574305e-98,203124.Tery_5023,2.14e-88,0.0,75.4,2513.0,"COG2132@1|root,COG2931@1|root,COG2132@2|Bacteria,COG2931@2|Bacteria,1GD2V@1117|Cyanobacteria",1117|Cyanobacteria,Q,multicopper oxidase type 3,-,-,-,-,serralysin [EC:3.4.24.40],-,Significant,P stress
NODE_24_length_68070_cov_475.815467_60,10095.0529405013,-0.916292288489745,0.0088198223290488,203124.Tery_3408,,0.0,73.5,904.0,"COG2931@1|root,COG2931@2|Bacteria,1G7G4@1117|Cyanobacteria,1HF03@1150|Oscillatoriales",1117|Cyanobacteria,Q,"domain, Protein",-,-,-,-,serralysin [EC:3.4.24.40],-,Significant,P stress
NODE_246_length_15890_cov_527.450584_11,5712.90301714337,-2.2728922180035,0.0003719397984843,203124.Tery_4644,1.08e-56,7.419999999999999e-52,72.3,184.0,"COG2340@1|root,COG2931@1|root,COG2340@2|Bacteria,COG2931@2|Bacteria,1G0ZC@1117|Cyanobacteria,1H8KD@1150|Oscillatoriales",1117|Cyanobacteria,Q,PFAM Hemolysin-type calcium-binding repeat (2 copies),-,-,-,-,serralysin [EC:3.4.24.40],-,Significant,P stress
NODE_25_length_67348_cov_528.525924_7,585.95892579053,1.37564128944503,0.0368975367493925,203124.Tery_3307,4.92e-152,0.0,69.3,1361.0,"COG2931@1|root,COG2931@2|Bacteria,1GAAF@1117|Cyanobacteria,1HDGP@1150|Oscillatoriales",1117|Cyanobacteria,Q,calcium- and calmodulin-responsive adenylate cyclase activity,-,-,-,-,glycerophosphoryl diester phosphodiesterase [EC:3.1.4.46],-,Significant,P stress
NODE_15316_length_369_cov_1.707006_1,440.421318327211,-11.7413393998296,3.6263658100136604e-20,203124.Tery_3919,,8.8e-38,61.8,138.0,"COG2931@1|root,COG2931@2|Bacteria,1G1I0@1117|Cyanobacteria,1HA0R@1150|Oscillatoriales",1117|Cyanobacteria,Q,Haemolysin-type calcium-binding repeat (2 copies),-,-,-,-,serralysin [EC:3.4.24.40],-,Significant,P stress
NODE_406_length_8948_cov_461.526144_1,345.687782765388,10.6014566307023,6.6449689356321e-19,203124.Tery_2307,5.64e-91,9.970000000000001e-86,55.3,254.0,"COG2931@1|root,COG2931@2|Bacteria",2|Bacteria,Q,calcium- and calmodulin-responsive adenylate cyclase activity,-,-,-,-,serralysin [EC:3.4.24.40],-,Significant,P stress
NODE_39_length_58356_cov_476.169585_17,1638.17549348542,-2.40195927085845,0.0002400728535049,497965.Cyan7822_1606,2.56e-148,2.58e-07,52.9,58.9,"COG1404@1|root,COG2931@1|root,COG4932@1|root,COG1404@2|Bacteria,COG2931@2|Bacteria,COG4932@2|Bacteria,1G1I0@1117|Cyanobacteria,3KI0C@43988|Cyanothece",1117|Cyanobacteria,Q,Haemolysin-type calcium-binding repeat (2 copies),-,-,-,-,serralysin [EC:3.4.24.40],-,Significant,P stress
NODE_82_length_38545_cov_404.865056_8,257.107731827351,1.50260398772393,0.0124089997272879,203124.Tery_1927,4.94e-72,4.3399999999999996e-67,48.2,204.0,"COG2931@1|root,COG2931@2|Bacteria,1GGZU@1117|Cyanobacteria,1HH1Q@1150|Oscillatoriales",1117|Cyanobacteria,Q,calcium- and calmodulin-responsive adenylate cyclase activity,-,-,-,-,glycerophosphoryl diester phosphodiesterase [EC:3.1.4.46],-,Significant,P stress
NODE_126_length_28695_cov_1005.276920_9,1069.2375957976,2.8397719992772,8.99871716399973e-06,203124.Tery_1623,5.46e-61,7.9e-57,47.4,194.0,"COG2931@1|root,COG2931@2|Bacteria,1G1I0@1117|Cyanobacteria",1117|Cyanobacteria,Q,Hemolysin-type calcium-binding repeat (2 copies),-,-,-,-,serralysin [EC:3.4.24.40],-,Significant,P stress
NODE_165_length_23409_cov_478.623362_3,1648.99381312513,0.001339432950877,0.99753176250729,203124.Tery_2799,0.0,0.0,802.8,1016.0,"COG0283@1|root,COG0414@1|root,COG0283@2|Bacteria,COG0414@2|Bacteria,1G1BX@1117|Cyanobacteria,1H7SQ@1150|Oscillatoriales",1117|Cyanobacteria,F,Catalyzes the condensation of pantoate with beta-alanine in an ATP-dependent reaction via a pantoyl-adenylate intermediate,panC/cmk,"GO:0003674,GO:0003824,GO:0004127,GO:0004592,GO:0005575,GO:0005622,GO:0005623,GO:0005737,GO:0005829,GO:0006082,GO:0006139,GO:0006520,GO:0006573,GO:0006575,GO:0006725,GO:0006732,GO:0006753,GO:0006766,GO:0006767,GO:0006793,GO:0006796,GO:0006807,GO:0008150,GO:0008152,GO:0009058,GO:0009081,GO:0009108,GO:0009110,GO:0009117,GO:0009123,GO:0009165,GO:0009987,GO:0015939,GO:0015940,GO:0016053,GO:0016301,GO:0016310,GO:0016740,GO:0016772,GO:0016776,GO:0016874,GO:0016879,GO:0016881,GO:0018130,GO:0019205,GO:0019438,GO:0019637,GO:0019752,GO:0032787,GO:0033317,GO:0034641,GO:0034654,GO:0042364,GO:0042398,GO:0043436,GO:0043603,GO:0043604,GO:0044237,GO:0044238,GO:0044249,GO:0044271,GO:0044281,GO:0044283,GO:0044424,GO:0044444,GO:0044464,GO:0046394,GO:0046483,GO:0046939,GO:0046940,GO:0050145,GO:0051186,GO:0051188,GO:0055086,GO:0071704,GO:0072330,GO:0090407,GO:1901293,GO:1901360,GO:1901362,GO:1901564,GO:1901566,GO:1901576,GO:1901605","2.7.4.25,6.3.2.1",ko:K13799,pantoate ligase / CMP/dCMP kinase [EC:6.3.2.1 2.7.4.25],"ko00240,ko00410,ko00770,ko01100,ko01110,map00240,map00410,map00770,map01100,map01110",Non-significant,Nucleotide metabolism
NODE_64_length_45415_cov_450.221230_27,7462.67812053071,-2.46117634984047,1.65174988930674e-22,203124.Tery_3699,,0.0,716.4,985.0,"COG0034@1|root,COG0034@2|Bacteria,1G1C9@1117|Cyanobacteria,1H8KH@1150|Oscillatoriales",1117|Cyanobacteria,F,Catalyzes the formation of phosphoribosylamine from phosphoribosylpyrophosphate (PRPP) and glutamine,purF,-,2.4.2.14,ko:K00764,amidophosphoribosyltransferase [EC:2.4.2.14],"ko00230,ko00250,ko01100,ko01110,ko01130,map00230,map00250,map01100,map01110,map01130",Significant,Nucleotide metabolism
NODE_25_length_67348_cov_528.525924_32,6238.38004329721,-1.25637671933651,4.37557042463659e-06,203124.Tery_3282,1.45e-13,0.0,625.5,885.0,"COG0104@1|root,COG0104@2|Bacteria,1G147@1117|Cyanobacteria,1H831@1150|Oscillatoriales",1117|Cyanobacteria,F,Plays an important role in the de novo pathway of purine nucleotide biosynthesis. Catalyzes the first committed step in the biosynthesis of AMP from IMP,purA,"GO:0003674,GO:0003824,GO:0004019,GO:0005575,GO:0005622,GO:0005623,GO:0005737,GO:0006139,GO:0006163,GO:0006164,GO:0006167,GO:0006725,GO:0006753,GO:0006793,GO:0006796,GO:0006807,GO:0008150,GO:0008152,GO:0009058,GO:0009117,GO:0009123,GO:0009124,GO:0009126,GO:0009127,GO:0009150,GO:0009152,GO:0009156,GO:0009161,GO:0009165,GO:0009167,GO:0009168,GO:0009259,GO:0009260,GO:0009987,GO:0016874,GO:0016879,GO:0017144,GO:0018130,GO:0019438,GO:0019637,GO:0019693,GO:0034641,GO:0034654,GO:0044208,GO:0044237,GO:0044238,GO:0044249,GO:0044271,GO:0044281,GO:0044424,GO:0044464,GO:0046033,GO:0046040,GO:0046390,GO:0046483,GO:0055086,GO:0071704,GO:0072521,GO:0072522,GO:0090407,GO:1901135,GO:1901137,GO:1901293,GO:1901360,GO:1901362,GO:1901564,GO:1901566,GO:1901576",6.3.4.4,ko:K01939,adenylosuccinate synthase [EC:6.3.4.4],"ko00230,ko00250,ko01100,map00230,map00250,map01100",Significant,Nucleotide metabolism
NODE_68_length_43634_cov_511.566328_4,8151.23386526735,1.90068228050098,7.5014097129355e-07,203124.Tery_0597,2.19e-241,6.68e-237,488.5,651.0,"COG0462@1|root,COG0462@2|Bacteria,1G00F@1117|Cyanobacteria,1H7DZ@1150|Oscillatoriales",1117|Cyanobacteria,F,Involved in the biosynthesis of the central metabolite phospho-alpha-D-ribosyl-1-pyrophosphate (PRPP) via the transfer of pyrophosphoryl group from ATP to 1-hydroxyl of ribose-5-phosphate (Rib-5-P),prs,-,2.7.6.1,ko:K00948,ribose-phosphate pyrophosphokinase [EC:2.7.6.1],"ko00030,ko00230,ko01100,ko01110,ko01120,ko01130,ko01200,ko01230,map00030,map00230,map01100,map01110,map01120,map01130,map01200,map01230",Significant,Nucleotide metabolism
NODE_401_length_9069_cov_493.249501_5,556.100021684446,1.6190830410438,0.0043004407386767,203124.Tery_4570,0.0,0.0,444.6,953.0,"COG0402@1|root,COG0402@2|Bacteria,1G2AA@1117|Cyanobacteria,1H7D1@1150|Oscillatoriales",1117|Cyanobacteria,F,Cytosine deaminase and related metal-dependent,codA,-,3.5.4.1,ko:K01485,cytosine/creatinine deaminase [EC:3.5.4.1 3.5.4.21],"ko00240,ko00330,ko01100,map00240,map00330,map01100",Significant,Nucleotide metabolism
NODE_22_length_70149_cov_455.558350_43,2459.93481484508,0.803724832626788,0.0379916041302449,203124.Tery_0231,0.0,0.0,439.0,1062.0,"COG0248@1|root,COG0248@2|Bacteria,1FZZC@1117|Cyanobacteria,1H970@1150|Oscillatoriales",1117|Cyanobacteria,FP,Ppx GppA phosphatase family,ppx,-,"3.6.1.11,3.6.1.40",ko:K01524,"exopolyphosphatase / guanosine-5'-triphosphate,3'-diphosphate pyrophosphatase [EC:3.6.1.11 3.6.1.40]","ko00230,map00230",Significant,Nucleotide metabolism
NODE_89_length_36475_cov_434.691351_8,3081.5529075203,1.12847043053336,0.0127531125798749,203124.Tery_3779,6.66e-227,3.500000000000001e-164,428.8,460.0,"COG0528@1|root,COG0528@2|Bacteria,1G0CR@1117|Cyanobacteria,1H78D@1150|Oscillatoriales",1117|Cyanobacteria,F,Catalyzes the reversible phosphorylation of UMP to UDP,pyrH,-,2.7.4.22,ko:K09903,uridylate kinase [EC:2.7.4.22],"ko00240,ko01100,map00240,map01100",Significant,Nucleotide metabolism
NODE_52_length_51813_cov_688.393659_41,26538.429117574,-3.32922794428344,4.07741721170862e-08,203124.Tery_2177,1.05e-62,0.0,375.3,881.0,"COG0044@1|root,COG0044@2|Bacteria,1G2H3@1117|Cyanobacteria,1H8I4@1150|Oscillatoriales",1117|Cyanobacteria,F,dihydroorotase,pyrC,-,3.5.2.3,ko:K01465,dihydroorotase [EC:3.5.2.3],"ko00240,ko01100,map00240,map01100",Significant,Nucleotide metabolism
NODE_52_length_51813_cov_688.393659_39,598.942683085008,2.41978739297641,0.0001174671767478,203124.Tery_2179,7.93e-162,2.59e-313,348.3,853.0,"COG0044@1|root,COG0044@2|Bacteria,1G298@1117|Cyanobacteria,1H88J@1150|Oscillatoriales",1117|Cyanobacteria,F,"TIGRFAM dihydroorotase, multifunctional complex type",pyrC,"GO:0003674,GO:0003824,GO:0004038,GO:0005575,GO:0005622,GO:0005623,GO:0005737,GO:0006139,GO:0006144,GO:0006145,GO:0006725,GO:0006807,GO:0008150,GO:0008152,GO:0009056,GO:0009112,GO:0009987,GO:0016787,GO:0016810,GO:0016812,GO:0019439,GO:0034641,GO:0044237,GO:0044238,GO:0044248,GO:0044270,GO:0044281,GO:0044424,GO:0044464,GO:0046113,GO:0046483,GO:0046700,GO:0055086,GO:0071704,GO:0072521,GO:0072523,GO:1901360,GO:1901361,GO:1901564,GO:1901565,GO:1901575",3.5.2.3,ko:K01465,dihydroorotase [EC:3.5.2.3],"ko00240,ko01100,map00240,map01100",Significant,Nucleotide metabolism
NODE_148_length_25653_cov_524.623564_13,2719.66041419875,-2.3281487047687,6.88881819731947e-07,203124.Tery_3481,6.76e-198,1.46e-193,300.1,536.0,"COG0496@1|root,COG0496@2|Bacteria,1G204@1117|Cyanobacteria,1H72D@1150|Oscillatoriales",1117|Cyanobacteria,S,Nucleotidase that shows phosphatase activity on nucleoside 5'-monophosphates,surE,-,3.1.3.5,ko:K03787,5'/3'-nucleotidase [EC:3.1.3.5 3.1.3.6],"ko00230,ko00240,ko00760,ko01100,ko01110,map00230,map00240,map00760,map01100,map01110",Significant,Nucleotide metabolism
NODE_36_length_61240_cov_501.811392_29,618.66142057582,1.47907200141831,0.0024583202345918,203124.Tery_0435,8.649999999999999e-60,5.53e-120,267.5,342.0,"COG0503@1|root,COG0503@2|Bacteria,1G508@1117|Cyanobacteria,1HAKH@1150|Oscillatoriales",1117|Cyanobacteria,F,"Catalyzes a salvage reaction resulting in the formation of AMP, that is energically less costly than de novo synthesis",apt,-,2.4.2.7,ko:K00759,adenine phosphoribosyltransferase [EC:2.4.2.7],"ko00230,ko01100,map00230,map01100",Significant,Nucleotide metabolism
NODE_36_length_61240_cov_501.811392_18,827.06193947449,0.640897301960975,0.103068411604569,203124.Tery_0446,0.0,1.5500000000000002e-166,219.9,466.0,"COG0284@1|root,COG0284@2|Bacteria,1G2ED@1117|Cyanobacteria,1H7AP@1150|Oscillatoriales",1117|Cyanobacteria,F,Catalyzes the decarboxylation of orotidine 5'- monophosphate (OMP) to uridine 5'-monophosphate (UMP),pyrF,"GO:0003674,GO:0003824,GO:0004590,GO:0005575,GO:0005622,GO:0005623,GO:0005737,GO:0005829,GO:0006139,GO:0006206,GO:0006207,GO:0006725,GO:0006807,GO:0008150,GO:0008152,GO:0009058,GO:0009112,GO:0009987,GO:0016829,GO:0016830,GO:0016831,GO:0018130,GO:0019856,GO:0034641,GO:0044237,GO:0044238,GO:0044249,GO:0044271,GO:0044281,GO:0044424,GO:0044444,GO:0044464,GO:0046112,GO:0046483,GO:0055086,GO:0071704,GO:0072527,GO:0072528,GO:1901360,GO:1901362,GO:1901564,GO:1901566,GO:1901576",4.1.1.23,ko:K01591,orotidine-5'-phosphate decarboxylase [EC:4.1.1.23],"ko00240,ko01100,map00240,map01100",Non-significant,Nucleotide metabolism
NODE_124_length_28816_cov_448.555544_18,5085.40659386706,-2.98520083914985,4.8796102861525e-22,203124.Tery_1774,1.06e-172,1.61e-168,215.7,470.0,"COG0496@1|root,COG0496@2|Bacteria,1G30G@1117|Cyanobacteria,1H8G3@1150|Oscillatoriales",1117|Cyanobacteria,S,PFAM Survival protein SurE,-,-,3.1.3.5,ko:K03787,5'/3'-nucleotidase [EC:3.1.3.5 3.1.3.6],"ko00230,ko00240,ko00760,ko01100,ko01110,map00230,map00240,map00760,map01100,map01110",Significant,Nucleotide metabolism
NODE_235_length_16965_cov_534.346363_8,393.752094424827,0.0773242095887764,0.87073097297583,203124.Tery_2384,7.99e-09,1.63e-182,207.0,507.0,"COG0496@1|root,COG0496@2|Bacteria,1G30G@1117|Cyanobacteria,1H8G3@1150|Oscillatoriales",1117|Cyanobacteria,S,PFAM Survival protein SurE,-,-,3.1.3.5,ko:K03787,5'/3'-nucleotidase [EC:3.1.3.5 3.1.3.6],"ko00230,ko00240,ko00760,ko01100,ko01110,map00230,map00240,map00760,map01100,map01110",Non-significant,Nucleotide metabolism
NODE_96051_length_214_cov_1.069182_1,1409.92137397112,-15.8149993624806,8.54508919072094e-25,373994.Riv7116_0552,,1.76e-22,64.2,96.3,"COG0034@1|root,COG0034@2|Bacteria,1G1C9@1117|Cyanobacteria,1HJQK@1161|Nostocales",1117|Cyanobacteria,F,Catalyzes the formation of phosphoribosylamine from phosphoribosylpyrophosphate (PRPP) and glutamine,purF,-,2.4.2.14,ko:K00764,amidophosphoribosyltransferase [EC:2.4.2.14],"ko00230,ko00250,ko01100,ko01110,ko01130,map00230,map00250,map01100,map01110,map01130",Significant,Nucleotide metabolism
NODE_44_length_57126_cov_1085.996355_31,171122.866413198,-2.21046158171904,6.18249365929221e-11,203124.Tery_3755,7.82e-72,0.0,939.2,1178.0,"COG0465@1|root,COG0465@2|Bacteria,1G1BT@1117|Cyanobacteria,1H8IU@1150|Oscillatoriales",1117|Cyanobacteria,O,"Acts as a processive, ATP-dependent zinc metallopeptidase for both cytoplasmic and membrane proteins. Plays a role in the quality control of integral membrane proteins",ftsH2,"GO:0003674,GO:0003824,GO:0004176,GO:0006091,GO:0006508,GO:0006807,GO:0008150,GO:0008152,GO:0008233,GO:0008237,GO:0009056,GO:0009057,GO:0009314,GO:0009416,GO:0009628,GO:0009642,GO:0009644,GO:0009765,GO:0009892,GO:0009987,GO:0010109,GO:0010205,GO:0010206,GO:0010304,GO:0015979,GO:0016462,GO:0016787,GO:0016817,GO:0016818,GO:0016887,GO:0017111,GO:0019222,GO:0019538,GO:0019684,GO:0030091,GO:0030163,GO:0031323,GO:0031324,GO:0042548,GO:0042623,GO:0043155,GO:0043170,GO:0043467,GO:0044237,GO:0044238,GO:0044248,GO:0044257,GO:0044260,GO:0044265,GO:0044267,GO:0048519,GO:0048523,GO:0050789,GO:0050794,GO:0050896,GO:0065007,GO:0070011,GO:0071704,GO:0140096,GO:1901564,GO:1901565,GO:1901575,GO:1905156",-,ko:K03798,cell division protease FtsH [EC:3.4.24.-],-,Significant,Fe stress
NODE_30_length_63246_cov_443.823899_36,516976.523896404,-1.2037440504311,0.0075347383421705,203124.Tery_0513,0.0,0.0,901.5,956.0,"2DB98@1|root,2Z7VA@2|Bacteria,1G05J@1117|Cyanobacteria,1H6WX@1150|Oscillatoriales",1117|Cyanobacteria,P,"One of the components of the core complex of photosystem II (PSII). It binds chlorophyll and helps catalyze the primary light-induced photochemical processes of PSII. PSII is a light- driven water plastoquinone oxidoreductase, using light energy to abstract electrons from H(2)O, generating O(2) and a proton gradient subsequently used for ATP formation",psbC,"GO:0005575,GO:0005622,GO:0005623,GO:0005737,GO:0005886,GO:0009521,GO:0009523,GO:0009579,GO:0016020,GO:0030075,GO:0030096,GO:0032991,GO:0034357,GO:0043226,GO:0043228,GO:0043229,GO:0043232,GO:0044422,GO:0044424,GO:0044425,GO:0044436,GO:0044444,GO:0044459,GO:0044464,GO:0071944,GO:0098796,GO:0098797",-,ko:K02705,photosystem II CP43 chlorophyll apoprotein,"ko00195,ko01100,map00195,map01100",Significant,Fe stress
NODE_148_length_25653_cov_524.623564_17,1947.86216691123,0.742615560587341,0.0623264245356078,203124.Tery_3484,2.2e-98,0.0,850.3,1182.0,"COG0465@1|root,COG0465@2|Bacteria,1G22Z@1117|Cyanobacteria,1H7W7@1150|Oscillatoriales",1117|Cyanobacteria,O,"Acts as a processive, ATP-dependent zinc metallopeptidase for both cytoplasmic and membrane proteins. Plays a role in the quality control of integral membrane proteins",-,-,-,ko:K03798,cell division protease FtsH [EC:3.4.24.-],-,Non-significant,Fe stress
NODE_151_length_25243_cov_457.244918_10,8551.54330844842,0.0750010391771819,0.829732305726801,203124.Tery_3253,0.0,0.0,832.9,1278.0,"COG0465@1|root,COG0465@2|Bacteria,1G1S2@1117|Cyanobacteria,1H842@1150|Oscillatoriales",1117|Cyanobacteria,O,"Acts as a processive, ATP-dependent zinc metallopeptidase for both cytoplasmic and membrane proteins. Plays a role in the quality control of integral membrane proteins",ftsH4,"GO:0003674,GO:0003824,GO:0004176,GO:0006091,GO:0006508,GO:0006807,GO:0008150,GO:0008152,GO:0008233,GO:0008237,GO:0009056,GO:0009057,GO:0009314,GO:0009416,GO:0009628,GO:0009642,GO:0009644,GO:0009765,GO:0009892,GO:0009987,GO:0010109,GO:0010205,GO:0010206,GO:0010304,GO:0015979,GO:0016462,GO:0016787,GO:0016817,GO:0016818,GO:0016887,GO:0017111,GO:0019222,GO:0019538,GO:0019684,GO:0030091,GO:0030163,GO:0031323,GO:0031324,GO:0042548,GO:0042623,GO:0043155,GO:0043170,GO:0043467,GO:0044237,GO:0044238,GO:0044248,GO:0044257,GO:0044260,GO:0044265,GO:0044267,GO:0048519,GO:0048523,GO:0050789,GO:0050794,GO:0050896,GO:0065007,GO:0070011,GO:0071704,GO:0140096,GO:1901564,GO:1901565,GO:1901575,GO:1905156",-,ko:K03798,cell division protease FtsH [EC:3.4.24.-],-,Non-significant,Fe stress
NODE_2_length_141101_cov_626.108738_25,1406.55375419266,0.378177015800559,0.356263280600382,203124.Tery_2878,0.0,0.0,631.7,1149.0,"COG0370@1|root,COG0370@2|Bacteria,1G058@1117|Cyanobacteria,1H8CQ@1150|Oscillatoriales",1117|Cyanobacteria,P,transporter of a GTP-driven Fe(2 ) uptake system,feoB,-,-,ko:K04759,ferrous iron transport protein B,-,Non-significant,Fe stress
NODE_193_length_20776_cov_407.473578_10,7057.487167738,0.480867832788133,0.244685041889909,203124.Tery_3766,5.34e-200,4.14e-294,571.6,804.0,"COG0206@1|root,COG0206@2|Bacteria,1G0AN@1117|Cyanobacteria,1H8F8@1150|Oscillatoriales",1117|Cyanobacteria,D,Essential cell division protein that forms a contractile ring structure (Z ring) at the future cell division site. The regulation of the ring assembly controls the timing and the location of cell division. One of the functions of the FtsZ ring is to recruit other cell division proteins to the septum to produce a new cell wall between the dividing cells. Binds GTP and shows GTPase activity,ftsZ,"GO:0000166,GO:0000910,GO:0001882,GO:0001883,GO:0003674,GO:0003824,GO:0003924,GO:0005488,GO:0005515,GO:0005525,GO:0005575,GO:0005622,GO:0005623,GO:0005737,GO:0007049,GO:0008150,GO:0009987,GO:0016043,GO:0016462,GO:0016787,GO:0016817,GO:0016818,GO:0017076,GO:0017111,GO:0019001,GO:0022402,GO:0022607,GO:0032153,GO:0032506,GO:0032549,GO:0032550,GO:0032553,GO:0032555,GO:0032561,GO:0034622,GO:0035639,GO:0036094,GO:0042802,GO:0043167,GO:0043168,GO:0043933,GO:0044085,GO:0044424,GO:0044464,GO:0051258,GO:0051301,GO:0065003,GO:0071840,GO:0097159,GO:0097367,GO:1901265,GO:1901363",-,ko:K03531,cell division protein FtsZ,"ko04112,map04112",Non-significant,Fe stress
NODE_17_length_77004_cov_434.538746_39,1185.49616503763,1.62985979437628,0.0007038593682475,203124.Tery_0001,5.07e-35,0.0,559.7,906.0,"COG0593@1|root,COG0593@2|Bacteria,1G1BW@1117|Cyanobacteria,1H78P@1150|Oscillatoriales",1117|Cyanobacteria,L,it binds specifically double-stranded DNA at a 9 bp consensus (dnaA box) 5'-TTATC CA A CA A-3'. DnaA binds to ATP and to acidic phospholipids,dnaA,"GO:0003674,GO:0003676,GO:0003677,GO:0003688,GO:0003690,GO:0005488,GO:0005575,GO:0005622,GO:0005623,GO:0005737,GO:0005886,GO:0006139,GO:0006259,GO:0006260,GO:0006261,GO:0006270,GO:0006725,GO:0006807,GO:0008150,GO:0008152,GO:0009058,GO:0009059,GO:0009987,GO:0016020,GO:0034641,GO:0034645,GO:0043170,GO:0043565,GO:0044237,GO:0044238,GO:0044249,GO:0044260,GO:0044424,GO:0044464,GO:0046483,GO:0071704,GO:0071944,GO:0090304,GO:0097159,GO:1901360,GO:1901363,GO:1901576,GO:1990837",-,ko:K02313,chromosomal replication initiator protein,"ko02020,ko04112,map02020,map04112",Significant,Fe stress
NODE_199_length_20161_cov_572.531433_16,58434.5807022639,-1.16984482226529,0.0649351352976987,203124.Tery_2485,9.44e-278,0.0,489.2,1060.0,"2DBG3@1|root,2Z926@2|Bacteria,1G2CZ@1117|Cyanobacteria,1H9Y1@1150|Oscillatoriales",1117|Cyanobacteria,S,Photosystem I reaction centre subunit XI,psaL,-,-,ko:K02705,photosystem II CP43 chlorophyll apoprotein,"ko00195,ko01100,map00195,map01100",Non-significant,Fe stress
NODE_199_length_20161_cov_572.531433_17,35136.1674130461,-0.138665912230943,0.818546500245371,203124.Tery_2484,8.79e-50,4.65e-255,486.9,698.0,"2DBG9@1|root,2Z92X@2|Bacteria,1G2EI@1117|Cyanobacteria,1H8YC@1150|Oscillatoriales",1117|Cyanobacteria,S,chlorophyll a b binding light-harvesting protein,-,-,-,ko:K02705,photosystem II CP43 chlorophyll apoprotein,"ko00195,ko01100,map00195,map01100",Non-significant,Fe stress
NODE_47_length_55427_cov_444.894640_3,259868.614526745,-2.49287174813688,1.93539774851483e-08,203124.Tery_1687,2.1499999999999998e-256,6.570000000000001e-252,481.2,691.0,"COG3588@1|root,COG3588@2|Bacteria,1G2BV@1117|Cyanobacteria,1HF4C@1150|Oscillatoriales",1117|Cyanobacteria,G,Fructose-bisphosphate aldolase,-,-,4.1.2.13,ko:K01623,"fructose-bisphosphate aldolase, class I [EC:4.1.2.13]","ko00010,ko00030,ko00051,ko00680,ko00710,ko01100,ko01110,ko01120,ko01130,ko01200,ko01230,map00010,map00030,map00051,map00680,map00710,map01100,map01110,map01120,map01130,map01200,map01230",Significant,Fe stress
NODE_199_length_20161_cov_572.531433_18,34607.6108087684,0.0351715923193351,0.960416024356279,203124.Tery_2483,1.09e-07,2.8900000000000003e-273,475.0,746.0,"2DB93@1|root,2Z7UF@2|Bacteria,1G1Z1@1117|Cyanobacteria,1HE7S@1150|Oscillatoriales",1117|Cyanobacteria,S,Photosystem II protein,-,-,-,ko:K02705,photosystem II CP43 chlorophyll apoprotein,"ko00195,ko01100,map00195,map01100",Non-significant,Fe stress
NODE_499_length_6943_cov_475.933362_1,44137.9384421803,-1.84334586877014,2.04439697097752e-08,203124.Tery_4594,4.37e-220,1.88e-215,402.6,608.0,"COG0465@1|root,COG0465@2|Bacteria,1G01N@1117|Cyanobacteria,1H78T@1150|Oscillatoriales",1117|Cyanobacteria,O,"Acts as a processive, ATP-dependent zinc metallopeptidase for both cytoplasmic and membrane proteins. Plays a role in the quality control of integral membrane proteins",ftsH1,"GO:0003674,GO:0003824,GO:0004176,GO:0005575,GO:0005622,GO:0005623,GO:0006091,GO:0006508,GO:0006807,GO:0008150,GO:0008152,GO:0008233,GO:0008237,GO:0009056,GO:0009057,GO:0009314,GO:0009416,GO:0009579,GO:0009628,GO:0009642,GO:0009644,GO:0009765,GO:0009892,GO:0009987,GO:0010109,GO:0010205,GO:0010206,GO:0010304,GO:0015979,GO:0016020,GO:0016462,GO:0016787,GO:0016817,GO:0016818,GO:0016887,GO:0017111,GO:0019222,GO:0019538,GO:0019684,GO:0030091,GO:0030163,GO:0031323,GO:0031324,GO:0034357,GO:0042548,GO:0042623,GO:0042651,GO:0043155,GO:0043170,GO:0043467,GO:0044237,GO:0044238,GO:0044248,GO:0044257,GO:0044260,GO:0044265,GO:0044267,GO:0044424,GO:0044436,GO:0044464,GO:0048519,GO:0048523,GO:0050789,GO:0050794,GO:0050896,GO:0065007,GO:0070011,GO:0071704,GO:0140096,GO:1901564,GO:1901565,GO:1901575,GO:1905156",-,ko:K03798,cell division protease FtsH [EC:3.4.24.-],-,Significant,Fe stress
NODE_19_length_74941_cov_550.804570_6,8198.75644340399,7.17593805582922,9.38826451765155e-34,203124.Tery_3826,0.0,0.0,334.1,1316.0,"COG2072@1|root,COG2072@2|Bacteria,1G5HN@1117|Cyanobacteria,1H7J2@1150|Oscillatoriales",1117|Cyanobacteria,C,Flavin-binding monooxygenase-like,-,-,1.14.13.8,ko:K00485,dimethylaniline monooxygenase (N-oxide forming) / hypotaurine monooxygenase [EC:1.14.13.8 1.8.1.-],"ko00982,ko01120,map00982,map01120",Significant,Fe stress
NODE_24_length_68070_cov_475.815467_20,29972.5702001516,-0.640568336770267,0.231069379704035,203124.Tery_3377,5.93e-26,1.96e-250,280.0,687.0,"COG1840@1|root,COG1840@2|Bacteria,1G0PQ@1117|Cyanobacteria,1H90N@1150|Oscillatoriales",1117|Cyanobacteria,P,"ABC-type Fe3 transport system, periplasmic component",afuA,-,-,ko:K02012,iron(III) transport system substrate-binding protein,"ko02010,map02010",Non-significant,Fe stress
NODE_47_length_55427_cov_444.894640_28,217088.188538173,-1.90102106655885,8.8975804133295e-06,203124.Tery_1666,3.92e-84,2.5300000000000003e-121,206.2,346.0,"COG0716@1|root,COG0716@2|Bacteria,1G55J@1117|Cyanobacteria,1HAS1@1150|Oscillatoriales",1117|Cyanobacteria,C,Low-potential electron donor to a number of redox enzymes,isiB,-,-,ko:K03839,flavodoxin I,-,Significant,Fe stress
NODE_12_length_84605_cov_817.129698_37,161035.524281957,-4.08189619272719,1.9370256945969898e-26,203124.Tery_2559,0.0,1.8300000000000003e-133,175.2,377.0,"COG0716@1|root,COG0716@2|Bacteria,1G2MN@1117|Cyanobacteria,1HBD2@1150|Oscillatoriales",1117|Cyanobacteria,C,Low-potential electron donor to a number of redox enzymes,-,-,-,ko:K03839,flavodoxin I,-,Significant,Fe stress
NODE_56_length_48013_cov_444.751658_25,3316.84129726213,0.0397338380857773,0.927467816009188,203124.Tery_1958,0.0,1.4100000000000002e-122,154.6,349.0,"COG0735@1|root,COG0735@2|Bacteria,1G1PH@1117|Cyanobacteria,1H7PQ@1150|Oscillatoriales",1117|Cyanobacteria,P,Belongs to the Fur family,fur,"GO:0006355,GO:0008150,GO:0009889,GO:0009890,GO:0009892,GO:0010468,GO:0010556,GO:0010558,GO:0010605,GO:0010629,GO:0019219,GO:0019222,GO:0031323,GO:0031324,GO:0031326,GO:0031327,GO:0045892,GO:0045934,GO:0048519,GO:0048523,GO:0050789,GO:0050794,GO:0051171,GO:0051172,GO:0051252,GO:0051253,GO:0060255,GO:0065007,GO:0080090,GO:1902679,GO:1903506,GO:1903507,GO:2000112,GO:2000113,GO:2001141",-,ko:K03711,"Fur family transcriptional regulator, ferric uptake regulator",-,Non-significant,Fe stress
NODE_24_length_68070_cov_475.815467_55,3674.52068737552,-2.40435454976675,9.99085826505945e-09,203124.Tery_3404,,1.1500000000000001e-123,146.5,352.0,"COG0735@1|root,COG0735@2|Bacteria,1G3KS@1117|Cyanobacteria,1HAE6@1150|Oscillatoriales",1117|Cyanobacteria,P,Belongs to the Fur family,-,-,-,ko:K03711,"Fur family transcriptional regulator, ferric uptake regulator",-,Significant,Fe stress
NODE_12_length_84605_cov_817.129698_34,1219.24919880379,-1.57333868579069,2.56347000946595e-06,203124.Tery_2561,,7.35e-66,144.2,201.0,"COG2010@1|root,COG2010@2|Bacteria,1G7QR@1117|Cyanobacteria,1HC4I@1150|Oscillatoriales",1117|Cyanobacteria,C,Functions as an electron carrier between membrane-bound cytochrome b6-f and photosystem I in oxygenic photosynthesis,petJ,-,-,ko:K08906,cytochrome c6,"ko00195,map00195",Significant,Fe stress
NODE_277_length_13783_cov_464.293633_8,11643.7604979985,0.0474406504695497,0.910585105318239,203124.Tery_4907,2.31e-188,1.27e-131,139.8,375.0,"COG1799@1|root,COG1799@2|Bacteria,1G556@1117|Cyanobacteria,1HAMH@1150|Oscillatoriales",1117|Cyanobacteria,D,"Cell division protein that is part of the divisome complex and is recruited early to the Z-ring. Probably stimulates Z-ring formation, perhaps through the cross-linking of FtsZ protofilaments. Its function overlaps with FtsA",sepF,-,-,ko:K09772,cell division inhibitor SepF,-,Non-significant,Fe stress
NODE_11458_length_422_cov_1.008174_1,13977.3861785412,-14.9408094499603,2.4399027944703098e-82,203124.Tery_2484,,1.76e-89,135.7,270.0,"2DBG9@1|root,2Z92X@2|Bacteria,1G2EI@1117|Cyanobacteria,1H8YC@1150|Oscillatoriales",1117|Cyanobacteria,S,chlorophyll a b binding light-harvesting protein,-,-,-,ko:K02705,photosystem II CP43 chlorophyll apoprotein,"ko00195,ko01100,map00195,map01100",Significant,Fe stress
NODE_103_length_33781_cov_447.536204_14,40210.5690054677,-0.982938393130918,0.0289595751734224,203124.Tery_4282,1.98e-149,6.360000000000001e-124,123.7,353.0,"COG0783@1|root,COG0783@2|Bacteria,1G25T@1117|Cyanobacteria,1H97R@1150|Oscillatoriales",1117|Cyanobacteria,P,Belongs to the Dps family,dps,-,-,ko:K04047,starvation-inducible DNA-binding protein,-,Significant,Fe stress
NODE_12_length_84605_cov_817.129698_31,112275.540075717,-2.99018384750504,1.26217510825032e-13,203124.Tery_2563,,1.93e-75,122.7,227.0,"COG3794@1|root,COG3794@2|Bacteria,1G6Z2@1117|Cyanobacteria,1HC5K@1150|Oscillatoriales",1117|Cyanobacteria,C,Participates in electron transfer between P700 and the cytochrome b6-f complex in photosystem I,petE,-,-,ko:K02638,plastocyanin,"ko00195,map00195",Significant,Fe stress
NODE_52001_length_255_cov_1.915000_1,7786.43343542055,-14.8463923885473,1.4330132108945699e-78,203124.Tery_2337,,1.0600000000000001e-43,103.9,156.0,"COG1222@1|root,COG1222@2|Bacteria,1G1TR@1117|Cyanobacteria,1H87N@1150|Oscillatoriales",1117|Cyanobacteria,O,PFAM ATPase family associated with various cellular activities (AAA),-,-,-,ko:K13525,cell division protease FtsH [EC:3.4.24.-],"ko04141,ko05134,map04141,map05134",Significant,Fe stress
NODE_95_length_35107_cov_430.571836_32,69811.9222907656,-1.71907268924609,7.23716852852139e-05,203124.Tery_2388,,1.14e-72,97.8,223.0,"COG4968@1|root,COG4968@2|Bacteria,1GHF2@1117|Cyanobacteria,1HI5G@1150|Oscillatoriales",1117|Cyanobacteria,U,General secretion pathway protein H,-,-,-,ko:K02650,type IV pilus assembly protein PilA,"ko02020,map02020",Significant,Fe stress
NODE_56_length_48013_cov_444.751658_19,3615.75099688387,-1.59579961710712,7.1178668450526e-05,203124.Tery_1953,4.08e-59,3.7999999999999997e-90,96.2,264.0,"COG0735@1|root,COG0735@2|Bacteria,1G6R1@1117|Cyanobacteria,1HBM9@1150|Oscillatoriales",1117|Cyanobacteria,P,Belongs to the Fur family,-,-,-,ko:K03711,"Fur family transcriptional regulator, ferric uptake regulator",-,Significant,Fe stress
NODE_58_length_47488_cov_498.600194_23,18256.4664194955,-3.28661521813925,9.316883782769779e-11,203124.Tery_2787,,9.029999999999999e-94,87.5,278.0,"COG2193@1|root,COG2193@2|Bacteria,1G50V@1117|Cyanobacteria,1HAUX@1150|Oscillatoriales",1117|Cyanobacteria,P,Bacterioferritin (cytochrome b1),-,-,1.16.3.1,ko:K03594,bacterioferritin [EC:1.16.3.1],"ko00860,map00860",Significant,Fe stress
NODE_2_length_141101_cov_626.108738_26,149.384490030233,0.376849744471461,0.602667812724001,203124.Tery_2879,1.64e-59,3.54e-55,65.0,172.0,"COG1918@1|root,COG1918@2|Bacteria,1GACB@1117|Cyanobacteria,1HD10@1150|Oscillatoriales",1117|Cyanobacteria,P,Fe2 transport system protein A,-,-,-,ko:K04758,ferrous iron transport protein A,-,Non-significant,Fe stress
NODE_70619_length_237_cov_2.637363_1,1027.44449857634,-15.3581288326171,7.29604293289599e-24,203124.Tery_3253,,1.5400000000000002e-37,62.3,139.0,"COG0465@1|root,COG0465@2|Bacteria,1G1S2@1117|Cyanobacteria,1H842@1150|Oscillatoriales",1117|Cyanobacteria,O,"Acts as a processive, ATP-dependent zinc metallopeptidase for both cytoplasmic and membrane proteins. Plays a role in the quality control of integral membrane proteins",ftsH4,"GO:0003674,GO:0003824,GO:0004176,GO:0006091,GO:0006508,GO:0006807,GO:0008150,GO:0008152,GO:0008233,GO:0008237,GO:0009056,GO:0009057,GO:0009314,GO:0009416,GO:0009628,GO:0009642,GO:0009644,GO:0009765,GO:0009892,GO:0009987,GO:0010109,GO:0010205,GO:0010206,GO:0010304,GO:0015979,GO:0016462,GO:0016787,GO:0016817,GO:0016818,GO:0016887,GO:0017111,GO:0019222,GO:0019538,GO:0019684,GO:0030091,GO:0030163,GO:0031323,GO:0031324,GO:0042548,GO:0042623,GO:0043155,GO:0043170,GO:0043467,GO:0044237,GO:0044238,GO:0044248,GO:0044257,GO:0044260,GO:0044265,GO:0044267,GO:0048519,GO:0048523,GO:0050789,GO:0050794,GO:0050896,GO:0065007,GO:0070011,GO:0071704,GO:0140096,GO:1901564,GO:1901565,GO:1901575,GO:1905156",-,ko:K03798,cell division protease FtsH [EC:3.4.24.-],-,Significant,Fe stress
NODE_70590_length_237_cov_3.164835_1,749.853342412526,-14.9047230027612,3.3255844118796897e-22,203124.Tery_2561,,1.41e-21,52.1,87.4,"COG2010@1|root,COG2010@2|Bacteria,1G7QR@1117|Cyanobacteria,1HC4I@1150|Oscillatoriales",1117|Cyanobacteria,C,Functions as an electron carrier between membrane-bound cytochrome b6-f and photosystem I in oxygenic photosynthesis,petJ,-,-,ko:K08906,cytochrome c6,"ko00195,map00195",Significant,Fe stress
NODE_486_length_7258_cov_533.633208_5,31929.9988299751,-0.835521773680899,0.1064805632632,203124.Tery_2329,8.62e-218,6.47e-214,197.4,592.0,"COG0714@1|root,COG0714@2|Bacteria,1G018@1117|Cyanobacteria,1H9VW@1150|Oscillatoriales",1117|Cyanobacteria,S,TIGRFAM gas vesicle protein GvpN,gvpN,-,-,-,nitric oxide reductase NorQ protein,-,Non-significant,Gas vesicles
NODE_242_length_16270_cov_601.892754_3,12158.8194789558,8.52689347543058,8.506455413663878e-56,203124.Tery_2325,1.43e-41,6.2300000000000005e-37,115.0,125.0,"arCOG03092@1|root,32YMQ@2|Bacteria,1G7U9@1117|Cyanobacteria,1HCCG@1150|Oscillatoriales",1117|Cyanobacteria,S,"Gas vesicles are small, hollow, gas filled protein structures that are found in several microbial planktonic microorganisms. They allow the positioning of the organism at the favorable depth for growth. GvpA type proteins form the essential core of the structure",gvpA,-,-,-,gas vesicle structural protein,-,Significant,Gas vesicles
NODE_242_length_16270_cov_601.892754_5,29678.8116712674,7.76701949638806,3.41637769695976e-48,203124.Tery_2325,1.43e-41,6.2300000000000005e-37,115.0,125.0,"arCOG03092@1|root,32YMQ@2|Bacteria,1G7U9@1117|Cyanobacteria,1HCCG@1150|Oscillatoriales",1117|Cyanobacteria,S,"Gas vesicles are small, hollow, gas filled protein structures that are found in several microbial planktonic microorganisms. They allow the positioning of the organism at the favorable depth for growth. GvpA type proteins form the essential core of the structure",gvpA,-,-,-,gas vesicle structural protein,-,Significant,Gas vesicles
NODE_242_length_16270_cov_601.892754_6,24145.2919977221,8.40327511695807,5.85071546082634e-46,203124.Tery_2325,1.38e-31,6.2300000000000005e-37,115.0,125.0,"arCOG03092@1|root,32YMQ@2|Bacteria,1G7U9@1117|Cyanobacteria,1HCCG@1150|Oscillatoriales",1117|Cyanobacteria,S,"Gas vesicles are small, hollow, gas filled protein structures that are found in several microbial planktonic microorganisms. They allow the positioning of the organism at the favorable depth for growth. GvpA type proteins form the essential core of the structure",gvpA,-,-,-,gas vesicle structural protein,-,Significant,Gas vesicles
NODE_67346_length_240_cov_460.762162_1,123290.191135543,-0.760386828579433,0.112730857793175,203124.Tery_2324,,1.06e-31,106.5,111.0,"arCOG03092@1|root,32YMQ@2|Bacteria,1G7U9@1117|Cyanobacteria,1HCCG@1150|Oscillatoriales",1117|Cyanobacteria,S,"Gas vesicles are small, hollow, gas filled protein structures that are found in several microbial planktonic microorganisms. They allow the positioning of the organism at the favorable depth for growth. GvpA type proteins form the essential core of the structure",gvpA,-,-,-,gas vesicle structural protein,-,Non-significant,Gas vesicles
NODE_242_length_16270_cov_601.892754_7,857.567368949592,7.3256284685171,6.76824105181269e-30,861299.J421_0936,2.2499999999999998e-34,2.77e-12,72.0,63.5,"arCOG03092@1|root,32YMQ@2|Bacteria",2|Bacteria,S,"Gas vesicles are small, hollow, gas filled protein structures that are found in several microbial planktonic microorganisms. They allow the positioning of the organism at the favorable depth for growth. GvpA type proteins form the essential core of the structure",gvpA,-,-,-,gas vesicle structural protein,-,Significant,Gas vesicles
NODE_486_length_7258_cov_533.633208_6,8280.21124850033,-0.261104733749589,0.702730969242402,203124.Tery_2330,4.3400000000000004e-66,1.89e-61,55.3,189.0,"2E5BC@1|root,3303G@2|Bacteria,1G88D@1117|Cyanobacteria,1HC4D@1150|Oscillatoriales",1117|Cyanobacteria,S,"Gas vesicles are small, hollow, gas filled protein structures that are found in several microbial planktonic microorganisms. They allow the positioning of the organism at the favorable depth for growth",gvpJ,-,-,-,gas vesicle structural protein,-,Non-significant,Gas vesicles
NODE_92168_length_217_cov_2.358025_1,38653.3218866824,-13.819759332882,1.23428492385543e-71,203124.Tery_2334,,9.32e-34,48.6,124.0,"COG0714@1|root,COG0714@2|Bacteria,1G018@1117|Cyanobacteria,1H9VW@1150|Oscillatoriales",1117|Cyanobacteria,S,TIGRFAM gas vesicle protein GvpN,gvpN,-,-,-,nitric oxide reductase NorQ protein,-,Significant,Gas vesicles
NODE_242_length_16270_cov_601.892754_8,397.713621229451,5.7495369251869,5.4622166134537895e-12,272134.KB731324_gene4653,4.96e-38,8.35e-10,47.2,56.2,"arCOG03092@1|root,32YMQ@2|Bacteria,1G7U9@1117|Cyanobacteria,1HCCG@1150|Oscillatoriales",1117|Cyanobacteria,S,"Gas vesicles are small, hollow, gas filled protein structures that are found in several microbial planktonic microorganisms. They allow the positioning of the organism at the favorable depth for growth. GvpA type proteins form the essential core of the structure",gvpA,-,-,-,gas vesicle structural protein,-,Significant,Gas vesicles
