Metagenome_Id,Size_Categorie,Nb reads,Depth,Station,Station Subset,Region,Filter_Code,Filter_Size
100DCM0CCKK11,Size_01,329622190,DCM,100,Subset 01,Pacific,CCKK,0.22-3µm
100DCM1GGMM11,Size_01,330276028,DCM,100,Subset 01,Pacific,GGMM,0.8-5µm
100DCM1GGZZ11,Size_All,340372772,DCM,100,Subset 02,Pacific,GGZZ,0.8-2000µm
100DCM1QQSS11,Size_03,314312114,DCM,100,Subset 01,Pacific,QQSS,20-180µm
100DCM1SSUU11,Size_04,354304094,DCM,100,Subset 01,Pacific,SSUU,180-2000µm
100SUR0CCKK11,Size_01,364706180,SUR,100,Subset 01,Pacific,CCKK,0.22-3µm
100SUR1GGMM11,Size_01,369046652,SUR,100,Subset 01,Pacific,GGMM,0.8-5µm
100SUR1GGZZ11,Size_All,333841726,SUR,100,Subset 02,Pacific,GGZZ,0.8-2000µm
100SUR1MMQQ11,Size_02,316425596,SUR,100,Subset 01,Pacific,MMQQ,5-20µm
100SUR1QQSS11,Size_03,341020638,SUR,100,Subset 01,Pacific,QQSS,20-180µm
100SUR1SSUU11,Size_04,351123358,SUR,100,Subset 01,Pacific,SSUU,180-2000µm
102DCM0CCKK11,Size_01,395296632,DCM,102,Subset 01,Pacific,CCKK,0.22-3µm
102DCM1GGMM11,Size_01,339165532,DCM,102,Subset 01,Pacific,GGMM,0.8-5µm
102DCM1GGZZ11,Size_All,341222900,DCM,102,Subset 02,Pacific,GGZZ,0.8-2000µm
102DCM1MMQQ11,Size_02,317358528,DCM,102,Subset 01,Pacific,MMQQ,5-20µm
102DCM1QQSS11,Size_03,353697370,DCM,102,Subset 01,Pacific,QQSS,20-180µm
102SUR0CCKK11,Size_01,328881068,SUR,102,Subset 01,Pacific,CCKK,0.22-3µm
102SUR1GGMM11,Size_01,305179242,SUR,102,Subset 01,Pacific,GGMM,0.8-5µm
102SUR1GGZZ11,Size_All,307933902,SUR,102,Subset 02,Pacific,GGZZ,0.8-2000µm
102SUR1MMQQ11,Size_02,302644018,SUR,102,Subset 01,Pacific,MMQQ,5-20µm
102SUR1QQSS11,Size_03,304627806,SUR,102,Subset 01,Pacific,QQSS,20-180µm
102SUR1SSUU11,Size_04,300765230,SUR,102,Subset 01,Pacific,SSUU,180-2000µm
106DCM1GGMM11,Size_01,287892786,DCM,106,Subset 01,Pacific,GGMM,0.8-5µm
106DCM1GGZZ11,Size_All,304624870,DCM,106,Subset 02,Pacific,GGZZ,0.8-2000µm
106DCM1MMQQ11,Size_02,336426302,DCM,106,Subset 01,Pacific,MMQQ,5-20µm
106DCM1QQSS11,Size_03,348031512,DCM,106,Subset 01,Pacific,QQSS,20-180µm
106DCM1SSUU11,Size_04,325390754,DCM,106,Subset 01,Pacific,SSUU,180-2000µm
106SUR1GGMM11,Size_01,316507836,SUR,106,Subset 01,Pacific,GGMM,0.8-5µm
106SUR1GGZZ11,Size_All,299706822,SUR,106,Subset 02,Pacific,GGZZ,0.8-2000µm
106SUR1MMQQ11,Size_02,336924402,SUR,106,Subset 01,Pacific,MMQQ,5-20µm
106SUR1QQSS11,Size_03,343070546,SUR,106,Subset 01,Pacific,QQSS,20-180µm
106SUR1SSUU11,Size_04,268949978,SUR,106,Subset 01,Pacific,SSUU,180-2000µm
109DCM01QQSS11,Size_03,354069082,DCM,109,Subset 01,Pacific,QQSS,20-180µm
109DCM0CCKK11,Size_01,328922210,DCM,109,Subset 01,Pacific,CCKK,0.22-3µm
109DCM1GGMM11,Size_01,313435402,DCM,109,Subset 01,Pacific,GGMM,0.8-5µm
109DCM1GGZZ11,Size_All,316398668,DCM,109,Subset 02,Pacific,GGZZ,0.8-2000µm
109DCM1MMQQ11,Size_02,300535118,DCM,109,Subset 01,Pacific,MMQQ,5-20µm
109DCM1QQSS11,Size_03,391625888,DCM,109,Subset 01,Pacific,QQSS,20-180µm
109SUR0CCKK11,Size_01,361759732,SUR,109,Subset 01,Pacific,CCKK,0.22-3µm
109SUR1GGMM11,Size_01,332136522,SUR,109,Subset 01,Pacific,GGMM,0.8-5µm
109SUR1GGZZ11,Size_All,362614086,SUR,109,Subset 02,Pacific,GGZZ,0.8-2000µm
109SUR1MMQQ11,Size_02,352470178,SUR,109,Subset 01,Pacific,MMQQ,5-20µm
109SUR1QQSS11,Size_03,325281090,SUR,109,Subset 01,Pacific,QQSS,20-180µm
109SUR1SSUU11,Size_04,370503734,SUR,109,Subset 01,Pacific,SSUU,180-2000µm
10DCM1GGMM11,Size_01,329009558,DCM,10,Subset 01,Mediterranean,GGMM,0.8-5µm
10DCM1QQSS11,Size_03,370235128,DCM,10,Subset 01,Mediterranean,QQSS,20-180µm
10DCM1SSUU11,Size_04,388094624,DCM,10,Subset 01,Mediterranean,SSUU,180-2000µm
10SUR1GGMM11,Size_01,351154618,SUR,10,Subset 01,Mediterranean,GGMM,0.8-5µm
10SUR1QQSS11,Size_03,322168542,SUR,10,Subset 01,Mediterranean,QQSS,20-180µm
10SUR1SSUU11,Size_04,303582854,SUR,10,Subset 01,Mediterranean,SSUU,180-2000µm
110DCM0CCKK11,Size_01,403262658,DCM,110,Subset 01,Pacific,CCKK,0.22-3µm
110DCM1GGMM11,Size_01,355154236,DCM,110,Subset 01,Pacific,GGMM,0.8-5µm
110DCM1GGZZ11,Size_All,310561348,DCM,110,Subset 02,Pacific,GGZZ,0.8-2000µm
110DCM1MMQQ11,Size_02,317538456,DCM,110,Subset 01,Pacific,MMQQ,5-20µm
110DCM1SSUU11,Size_04,355265680,DCM,110,Subset 01,Pacific,SSUU,180-2000µm
110SUR0CCKK11,Size_01,313056872,SUR,110,Subset 01,Pacific,CCKK,0.22-3µm
110SUR1GGMM11,Size_01,305901224,SUR,110,Subset 01,Pacific,GGMM,0.8-5µm
110SUR1GGZZ11,Size_All,339959914,SUR,110,Subset 02,Pacific,GGZZ,0.8-2000µm
110SUR1MMQQ11,Size_02,326934004,SUR,110,Subset 01,Pacific,MMQQ,5-20µm
110SUR1QQSS11,Size_03,351394466,SUR,110,Subset 01,Pacific,QQSS,20-180µm
110SUR1SSUU11,Size_04,366024296,SUR,110,Subset 01,Pacific,SSUU,180-2000µm
111DCM0CCKK11,Size_01,362008100,DCM,111,Subset 01,Pacific,CCKK,0.22-3µm
111DCM1GGMM11,Size_01,359959878,DCM,111,Subset 01,Pacific,GGMM,0.8-5µm
111DCM1GGZZ11,Size_All,321852118,DCM,111,Subset 02,Pacific,GGZZ,0.8-2000µm
111DCM1MMQQ11,Size_02,277841314,DCM,111,Subset 01,Pacific,MMQQ,5-20µm
111DCM1QQSS11,Size_03,362033954,DCM,111,Subset 01,Pacific,QQSS,20-180µm
111DCM1SSUU11,Size_04,336588714,DCM,111,Subset 01,Pacific,SSUU,180-2000µm
111SUR0CCKK11,Size_01,365851000,SUR,111,Subset 01,Pacific,CCKK,0.22-3µm
111SUR1GGMM11,Size_01,307996032,SUR,111,Subset 01,Pacific,GGMM,0.8-5µm
111SUR1GGZZ11,Size_All,343608482,SUR,111,Subset 02,Pacific,GGZZ,0.8-2000µm
111SUR1MMQQ11,Size_02,281258502,SUR,111,Subset 01,Pacific,MMQQ,5-20µm
111SUR1SSUU11,Size_04,308845582,SUR,111,Subset 01,Pacific,SSUU,180-2000µm
111SUR2QQSS11,Size_03,315878764,SUR,111,Subset 01,Pacific,QQSS,20-180µm
112DCM0CCKK11,Size_01,392809082,DCM,112,Subset 01,Pacific,CCKK,0.22-3µm
112DCM1GGMM11,Size_01,357637400,DCM,112,Subset 01,Pacific,GGMM,0.8-5µm
112DCM1QQSS11,Size_03,371756432,DCM,112,Subset 01,Pacific,QQSS,20-180µm
112DCM1SSUU11,Size_04,362316090,DCM,112,Subset 01,Pacific,SSUU,180-2000µm
112SUR0CCKK11,Size_01,383583046,SUR,112,Subset 01,Pacific,CCKK,0.22-3µm
112SUR1GGMM11,Size_01,357610924,SUR,112,Subset 01,Pacific,GGMM,0.8-5µm
112SUR1MMQQ11,Size_02,362125300,SUR,112,Subset 01,Pacific,MMQQ,5-20µm
112SUR1QQSS11,Size_03,379861890,SUR,112,Subset 01,Pacific,QQSS,20-180µm
112SUR1SSUU11,Size_04,341216674,SUR,112,Subset 01,Pacific,SSUU,180-2000µm
113SUR1GGMM11,Size_01,383364548,SUR,113,Subset 01,Pacific,GGMM,0.8-5µm
113SUR1GGZZ11,Size_All,301115354,SUR,113,Subset 02,Pacific,GGZZ,0.8-2000µm
113SUR1QQSS11,Size_03,313068686,SUR,113,Subset 01,Pacific,QQSS,20-180µm
113SUR1SSUU11,Size_04,327557196,SUR,113,Subset 01,Pacific,SSUU,180-2000µm
114SUR1GGZZ11,Size_All,328606592,SUR,114,Subset 02,Pacific,GGZZ,0.8-2000µm
114SUR1QQSS11,Size_03,308049380,SUR,114,Outlier,Pacific,QQSS,20-180µm
114SUR1SSUU11,Size_04,309164896,SUR,114,Outlier,Pacific,SSUU,180-2000µm
115SUR1GGZZ11,Size_All,291210864,SUR,115,Subset 02,Pacific,GGZZ,0.8-2000µm
115SUR1QQSS11,Size_03,304792742,SUR,115,Outlier,Pacific,QQSS,20-180µm
115SUR1SSUU11,Size_04,279312870,SUR,115,Outlier,Pacific,SSUU,180-2000µm
116SUR1GGZZ11,Size_All,342188114,SUR,116,Subset 02,Pacific,GGZZ,0.8-2000µm
116SUR1QQSS11,Size_03,300995670,SUR,116,Outlier,Pacific,QQSS,20-180µm
116SUR1SSUU11,Size_04,349355186,SUR,116,Outlier,Pacific,SSUU,180-2000µm
117SUR1GGZZ11,Size_All,333015274,SUR,117,Subset 02,Pacific,GGZZ,0.8-2000µm
117SUR1QQSS11,Size_03,441689114,SUR,117,Outlier,Pacific,QQSS,20-180µm
117SUR1SSUU11,Size_04,388983860,SUR,117,Outlier,Pacific,SSUU,180-2000µm
118SUR1GGZZ11,Size_All,402241276,SUR,118,Subset 02,Pacific,GGZZ,0.8-2000µm
118SUR1QQSS11,Size_03,352188912,SUR,118,Outlier,Pacific,QQSS,20-180µm
118SUR1SSUU11,Size_04,268923652,SUR,118,Outlier,Pacific,SSUU,180-2000µm
119SUR1GGZZ11,Size_All,244116486,SUR,119,Subset 02,Pacific,GGZZ,0.8-2000µm
119SUR1QQSS11,Size_03,320372272,SUR,119,Outlier,Pacific,QQSS,20-180µm
119SUR1SSUU11,Size_04,374633628,SUR,119,Outlier,Pacific,SSUU,180-2000µm
11SUR01GGZZ11,Size_All,311184724,SUR,11,Subset 02,Mediterranean,GGZZ,0.8-2000µm
11SUR1QQSS11,Size_03,361242490,SUR,11,Outlier,Mediterranean,QQSS,20-180µm
11SUR1SSUU11,Size_04,365855482,SUR,11,Outlier,Mediterranean,SSUU,180-2000µm
120SUR1QQSS11,Size_03,391887332,SUR,120,Outlier,Pacific,QQSS,20-180µm
120SUR1SSUU11,Size_04,287675464,SUR,120,Outlier,Pacific,SSUU,180-2000µm
120SUR2GGZZ11,Size_All,469209878,SUR,120,Subset 02,Pacific,GGZZ,0.8-2000µm
121SUR1GGZZ11,Size_All,348892882,SUR,121,Subset 02,Pacific,GGZZ,0.8-2000µm
121SUR1QQSS11,Size_03,424450678,SUR,121,Outlier,Pacific,QQSS,20-180µm
121SUR1SSUU11,Size_04,278940850,SUR,121,Outlier,Pacific,SSUU,180-2000µm
122DCM0CCKK11,Size_01,295887616,DCM,122,Subset 01,Pacific,CCKK,0.22-3µm
122DCM1GGMM11,Size_01,601761168,DCM,122,Subset 01,Pacific,GGMM,0.8-5µm
122DCM1GGZZ11,Size_All,557580776,DCM,122,Subset 02,Pacific,GGZZ,0.8-2000µm
122DCM1MMQQ11,Size_02,528276048,DCM,122,Subset 01,Pacific,MMQQ,5-20µm
122DCM1QQSS11,Size_03,504640736,DCM,122,Subset 01,Pacific,QQSS,20-180µm
122DCM1SSUU11,Size_04,595902920,DCM,122,Subset 01,Pacific,SSUU,180-2000µm
122SUR0CCKK11,Size_01,270355192,SUR,122,Subset 01,Pacific,CCKK,0.22-3µm
122SUR1GGMM11,Size_01,556928826,SUR,122,Subset 01,Pacific,GGMM,0.8-5µm
122SUR1GGZZ11,Size_All,445840346,SUR,122,Subset 02,Pacific,GGZZ,0.8-2000µm
122SUR1MMQQ11,Size_02,547609442,SUR,122,Subset 01,Pacific,MMQQ,5-20µm
122SUR1QQSS11,Size_03,496618440,SUR,122,Subset 01,Pacific,QQSS,20-180µm
122SUR1SSUU11,Size_04,533217324,SUR,122,Subset 01,Pacific,SSUU,180-2000µm
123SUR0CCKK11,Size_01,324478598,SUR,123,Subset 01,Pacific,CCKK,0.22-3µm
123SUR1GGMM11,Size_01,560273566,SUR,123,Subset 01,Pacific,GGMM,0.8-5µm
123SUR1GGZZ11,Size_All,532177986,SUR,123,Subset 02,Pacific,GGZZ,0.8-2000µm
123SUR1MMQQ11,Size_02,575329276,SUR,123,Subset 01,Pacific,MMQQ,5-20µm
123SUR1QQSS11,Size_03,557187962,SUR,123,Subset 01,Pacific,QQSS,20-180µm
123SUR1SSUU11,Size_04,576891774,SUR,123,Subset 01,Pacific,SSUU,180-2000µm
124SUR0CCKK11,Size_01,360233256,SUR,124,Subset 01,Pacific,CCKK,0.22-3µm
124SUR1CCKK11,Size_01,355978666,SUR,124,Subset 01,Pacific,CCKK,0.22-3µm
124SUR1GGMM11,Size_01,512085452,SUR,124,Subset 01,Pacific,GGMM,0.8-5µm
124SUR1GGZZ11,Size_All,846943760,SUR,124,Subset 02,Pacific,GGZZ,0.8-2000µm
124SUR1KKQQ11,Size_02,357439702,SUR,124,Subset 01,Pacific,KKQQ,3-20µm
124SUR1MMQQ11,Size_02,587569294,SUR,124,Subset 01,Pacific,MMQQ,5-20µm
124SUR1QQSS11,Size_03,471159406,SUR,124,Subset 01,Pacific,QQSS,20-180µm
124SUR1SSUU11,Size_04,844881512,SUR,124,Subset 01,Pacific,SSUU,180-2000µm
125SUR0CCKK11,Size_01,321367028,SUR,125,Subset 01,Pacific,CCKK,0.22-3µm
125SUR1GGMM11,Size_01,244706950,SUR,125,Subset 01,Pacific,GGMM,0.8-5µm
125SUR1GGZZ11,Size_All,802781896,SUR,125,Subset 02,Pacific,GGZZ,0.8-2000µm
125SUR1MMQQ11,Size_02,929761054,SUR,125,Subset 01,Pacific,MMQQ,5-20µm
125SUR1QQSS11,Size_03,565303902,SUR,125,Subset 01,Pacific,QQSS,20-180µm
125SUR1SSUU11,Size_04,717288296,SUR,125,Subset 01,Pacific,SSUU,180-2000µm
126SUR1GGMM11,Size_01,295569978,SUR,126,Subset 01,Pacific,GGMM,0.8-5µm
126SUR1GGZZ11,Size_All,264143878,SUR,126,Subset 02,Pacific,GGZZ,0.8-2000µm
126SUR1MMQQ11,Size_02,333701248,SUR,126,Subset 01,Pacific,MMQQ,5-20µm
126SUR1QQSS11,Size_03,295897664,SUR,126,Subset 01,Pacific,QQSS,20-180µm
126SUR1SSUU11,Size_04,286840800,SUR,126,Subset 01,Pacific,SSUU,180-2000µm
127DCM1GGMM11,Size_01,319680732,DCM,127,Subset 01,Pacific,GGMM,0.8-5µm
127DCM1GGZZ11,Size_All,300615426,DCM,127,Subset 02,Pacific,GGZZ,0.8-2000µm
127DCM1MMQQ11,Size_02,291772008,DCM,127,Subset 01,Pacific,MMQQ,5-20µm
127DCM1QQSS11,Size_03,284331652,DCM,127,Subset 01,Pacific,QQSS,20-180µm
127DCM1SSUU11,Size_04,310512060,DCM,127,Subset 01,Pacific,SSUU,180-2000µm
127SUR1GGMM11,Size_01,598815866,SUR,127,Subset 01,Pacific,GGMM,0.8-5µm
127SUR1GGZZ11,Size_All,307252950,SUR,127,Subset 02,Pacific,GGZZ,0.8-2000µm
127SUR1MMQQ11,Size_02,323575216,SUR,127,Subset 01,Pacific,MMQQ,5-20µm
127SUR1QQSS11,Size_03,406592152,SUR,127,Subset 01,Pacific,QQSS,20-180µm
127SUR1SSUU11,Size_04,329736486,SUR,127,Subset 01,Pacific,SSUU,180-2000µm
128DCM0CCKK11,Size_01,286590590,DCM,128,Subset 01,Pacific,CCKK,0.22-3µm
128DCM1GGMM11,Size_01,307101594,DCM,128,Subset 01,Pacific,GGMM,0.8-5µm
128DCM1GGZZ11,Size_All,396401614,DCM,128,Subset 02,Pacific,GGZZ,0.8-2000µm
128DCM1MMQQ11,Size_02,371256884,DCM,128,Subset 01,Pacific,MMQQ,5-20µm
128DCM1QQSS11,Size_03,301364972,DCM,128,Subset 01,Pacific,QQSS,20-180µm
128DCM1SSUU11,Size_04,379030164,DCM,128,Subset 01,Pacific,SSUU,180-2000µm
128SUR0CCKK11,Size_01,294449038,SUR,128,Subset 01,Pacific,CCKK,0.22-3µm
128SUR1GGMM11,Size_01,349248678,SUR,128,Subset 01,Pacific,GGMM,0.8-5µm
128SUR1GGZZ11,Size_All,379638754,SUR,128,Subset 02,Pacific,GGZZ,0.8-2000µm
128SUR1MMQQ11,Size_02,375642298,SUR,128,Subset 01,Pacific,MMQQ,5-20µm
128SUR1QQSS11,Size_03,353985174,SUR,128,Subset 01,Pacific,QQSS,20-180µm
128SUR1SSUU11,Size_04,417108430,SUR,128,Subset 01,Pacific,SSUU,180-2000µm
129DCM1GGMM11,Size_01,395974516,DCM,129,Subset 01,Pacific,GGMM,0.8-5µm
129DCM1GGZZ11,Size_All,333616416,DCM,129,Subset 02,Pacific,GGZZ,0.8-2000µm
129DCM1MMQQ11,Size_02,362432362,DCM,129,Subset 01,Pacific,MMQQ,5-20µm
129DCM1QQSS11,Size_03,294081122,DCM,129,Subset 01,Pacific,QQSS,20-180µm
129DCM1SSUU11,Size_04,284150974,DCM,129,Subset 01,Pacific,SSUU,180-2000µm
129SUR1GGMM11,Size_01,361617602,SUR,129,Subset 01,Pacific,GGMM,0.8-5µm
129SUR1GGZZ11,Size_All,367753588,SUR,129,Subset 02,Pacific,GGZZ,0.8-2000µm
129SUR1MMQQ11,Size_02,411398124,SUR,129,Subset 01,Pacific,MMQQ,5-20µm
129SUR1QQSS11,Size_03,373150816,SUR,129,Subset 01,Pacific,QQSS,20-180µm
129SUR1SSUU11,Size_04,350660666,SUR,129,Subset 01,Pacific,SSUU,180-2000µm
12DCM1QQSS11,Size_03,251901590,DCM,12,Outlier,Mediterranean,QQSS,20-180µm
12SUR1QQSS11,Size_03,335927960,SUR,12,Outlier,Mediterranean,QQSS,20-180µm
130SUR1GGMM11,Size_01,356341918,SUR,130,Subset 01,Pacific,GGMM,0.8-5µm
130SUR1GGZZ11,Size_All,405616232,SUR,130,Subset 02,Pacific,GGZZ,0.8-2000µm
130SUR1QQSS11,Size_03,319609490,SUR,130,Subset 01,Pacific,QQSS,20-180µm
130SUR1SSUU11,Size_04,367905094,SUR,130,Subset 01,Pacific,SSUU,180-2000µm
131DCM1GGMM11,Size_01,345847040,DCM,131,Subset 01,Pacific,GGMM,0.8-5µm
131DCM1GGZZ11,Size_All,338742280,DCM,131,Subset 02,Pacific,GGZZ,0.8-2000µm
131DCM1MMQQ11,Size_02,389405064,DCM,131,Subset 01,Pacific,MMQQ,5-20µm
131DCM1QQSS11,Size_03,447516880,DCM,131,Subset 01,Pacific,QQSS,20-180µm
131DCM1SSUU11,Size_04,476172790,DCM,131,Subset 01,Pacific,SSUU,180-2000µm
131SUR1GGMM11,Size_01,327214070,SUR,131,Subset 01,Pacific,GGMM,0.8-5µm
131SUR1GGZZ11,Size_All,336172592,SUR,131,Subset 02,Pacific,GGZZ,0.8-2000µm
131SUR1MMQQ11,Size_02,307871534,SUR,131,Subset 01,Pacific,MMQQ,5-20µm
131SUR1QQSS11,Size_03,416751432,SUR,131,Subset 01,Pacific,QQSS,20-180µm
131SUR1SSUU11,Size_04,364711270,SUR,131,Subset 01,Pacific,SSUU,180-2000µm
132DCM0CCKK11,Size_01,494113100,DCM,132,Subset 01,Pacific,CCKK,0.22-3µm
132DCM1GGMM11,Size_01,334844992,DCM,132,Subset 01,Pacific,GGMM,0.8-5µm
132DCM1GGZZ11,Size_All,312967690,DCM,132,Subset 02,Pacific,GGZZ,0.8-2000µm
132DCM1MMQQ11,Size_02,336909276,DCM,132,Subset 01,Pacific,MMQQ,5-20µm
132DCM1QQSS11,Size_03,332339134,DCM,132,Subset 01,Pacific,QQSS,20-180µm
132DCM1SSUU11,Size_04,367206678,DCM,132,Subset 01,Pacific,SSUU,180-2000µm
132SUR0CCKK11,Size_01,319968898,SUR,132,Subset 01,Pacific,CCKK,0.22-3µm
132SUR1GGMM11,Size_01,377518966,SUR,132,Subset 01,Pacific,GGMM,0.8-5µm
132SUR1GGZZ11,Size_All,388063684,SUR,132,Subset 02,Pacific,GGZZ,0.8-2000µm
132SUR1MMQQ11,Size_02,340641248,SUR,132,Subset 01,Pacific,MMQQ,5-20µm
132SUR1QQSS11,Size_03,361543938,SUR,132,Subset 01,Pacific,QQSS,20-180µm
132SUR1SSUU11,Size_04,321301184,SUR,132,Subset 01,Pacific,SSUU,180-2000µm
133DCM0CCKK11,Size_01,300000000,DCM,133,Subset 01,Pacific,CCKK,0.22-3µm
133DCM1GGMM11,Size_01,323386546,DCM,133,Subset 01,Pacific,GGMM,0.8-5µm
133DCM1GGZZ11,Size_All,354548204,DCM,133,Subset 02,Pacific,GGZZ,0.8-2000µm
133DCM1MMQQ11,Size_02,225049326,DCM,133,Subset 01,Pacific,MMQQ,5-20µm
133DCM1QQSS11,Size_03,303524758,DCM,133,Subset 01,Pacific,QQSS,20-180µm
133DCM1SSUU11,Size_04,319551340,DCM,133,Subset 01,Pacific,SSUU,180-2000µm
133SUR0CCKK11,Size_01,521213188,SUR,133,Subset 01,Pacific,CCKK,0.22-3µm
133SUR1GGMM11,Size_01,451002916,SUR,133,Subset 01,Pacific,GGMM,0.8-5µm
133SUR1GGZZ11,Size_All,401604150,SUR,133,Subset 02,Pacific,GGZZ,0.8-2000µm
133SUR1MMQQ11,Size_02,369392542,SUR,133,Subset 01,Pacific,MMQQ,5-20µm
133SUR1QQSS11,Size_03,354083516,SUR,133,Subset 01,Pacific,QQSS,20-180µm
133SUR1SSUU11,Size_04,344066822,SUR,133,Subset 01,Pacific,SSUU,180-2000µm
134SUR1GGMM11,Size_01,325127230,SUR,134,Outlier,Pacific,GGMM,0.8-5µm
134SUR1GGZZ11,Size_All,307090956,SUR,134,Subset 02,Pacific,GGZZ,0.8-2000µm
134SUR1SSUU11,Size_04,319152108,SUR,134,Outlier,Pacific,SSUU,180-2000µm
135DCM1GGMM11,Size_01,323210188,DCM,135,Subset 01,Pacific,GGMM,0.8-5µm
135DCM1GGZZ11,Size_All,348690466,DCM,135,Subset 02,Pacific,GGZZ,0.8-2000µm
135DCM1MMQQ11,Size_02,332669522,DCM,135,Subset 01,Pacific,MMQQ,5-20µm
135DCM1QQSS11,Size_03,308208286,DCM,135,Subset 01,Pacific,QQSS,20-180µm
135DCM1SSUU11,Size_04,317320066,DCM,135,Subset 01,Pacific,SSUU,180-2000µm
135SUR1GGMM11,Size_01,310359164,SUR,135,Subset 01,Pacific,GGMM,0.8-5µm
135SUR1GGZZ11,Size_All,349145070,SUR,135,Subset 02,Pacific,GGZZ,0.8-2000µm
135SUR1MMQQ11,Size_02,352318536,SUR,135,Subset 01,Pacific,MMQQ,5-20µm
135SUR1QQSS11,Size_03,359065774,SUR,135,Subset 01,Pacific,QQSS,20-180µm
135SUR1SSUU11,Size_04,329231092,SUR,135,Subset 01,Pacific,SSUU,180-2000µm
136SUR1GGMM11,Size_01,351237222,SUR,136,Subset 01,Pacific,GGMM,0.8-5µm
136SUR1GGZZ11,Size_All,382184046,SUR,136,Subset 02,Pacific,GGZZ,0.8-2000µm
136SUR1MMQQ11,Size_02,373142442,SUR,136,Subset 01,Pacific,MMQQ,5-20µm
136SUR1QQSS11,Size_03,364041694,SUR,136,Subset 01,Pacific,QQSS,20-180µm
136SUR1SSUU11,Size_04,346555460,SUR,136,Subset 01,Pacific,SSUU,180-2000µm
137DCM0CCKK11,Size_01,376069942,DCM,137,Subset 01,Pacific,CCKK,0.22-3µm
137DCM1GGMM11,Size_01,394939366,DCM,137,Subset 01,Pacific,GGMM,0.8-5µm
137DCM1GGZZ11,Size_All,399622532,DCM,137,Subset 02,Pacific,GGZZ,0.8-2000µm
137DCM1MMQQ11,Size_02,383721304,DCM,137,Subset 01,Pacific,MMQQ,5-20µm
137DCM1QQSS11,Size_03,402954880,DCM,137,Subset 01,Pacific,QQSS,20-180µm
137DCM1SSUU11,Size_04,427603340,DCM,137,Subset 01,Pacific,SSUU,180-2000µm
137SUR0CCKK11,Size_01,356056564,SUR,137,Subset 01,Pacific,CCKK,0.22-3µm
137SUR1GGMM11,Size_01,317553412,SUR,137,Subset 01,Pacific,GGMM,0.8-5µm
137SUR1GGZZ11,Size_All,379278698,SUR,137,Subset 02,Pacific,GGZZ,0.8-2000µm
137SUR1MMQQ11,Size_02,322851508,SUR,137,Subset 01,Pacific,MMQQ,5-20µm
137SUR1QQSS11,Size_03,310502864,SUR,137,Subset 01,Pacific,QQSS,20-180µm
137SUR1SSUU11,Size_04,358505126,SUR,137,Subset 01,Pacific,SSUU,180-2000µm
138DCM0CCKK11,Size_01,372767892,DCM,138,Subset 01,Pacific,CCKK,0.22-3µm
138DCM1GGMM11,Size_01,413061982,DCM,138,Subset 01,Pacific,GGMM,0.8-5µm
138DCM1GGZZ11,Size_All,325026142,DCM,138,Subset 02,Pacific,GGZZ,0.8-2000µm
138DCM1MMQQ11,Size_02,384251452,DCM,138,Subset 01,Pacific,MMQQ,5-20µm
138DCM1QQSS11,Size_03,462290930,DCM,138,Subset 01,Pacific,QQSS,20-180µm
138DCM1SSUU11,Size_04,340801064,DCM,138,Subset 01,Pacific,SSUU,180-2000µm
138SUR0CCKK11,Size_01,332235262,SUR,138,Subset 01,Pacific,CCKK,0.22-3µm
138SUR1GGMM11,Size_01,338545414,SUR,138,Subset 01,Pacific,GGMM,0.8-5µm
138SUR1GGZZ11,Size_All,290535398,SUR,138,Subset 02,Pacific,GGZZ,0.8-2000µm
138SUR1QQSS11,Size_03,330434502,SUR,138,Subset 01,Pacific,QQSS,20-180µm
138SUR1SSUU11,Size_04,297258378,SUR,138,Subset 01,Pacific,SSUU,180-2000µm
139SUR1GGMM11,Size_01,377569256,SUR,139,Subset 01,Pacific,GGMM,0.8-5µm
139SUR1GGZZ11,Size_All,358745994,SUR,139,Subset 02,Pacific,GGZZ,0.8-2000µm
139SUR1MMQQ11,Size_02,332109112,SUR,139,Subset 01,Pacific,MMQQ,5-20µm
139SUR1QQSS11,Size_03,375476408,SUR,139,Subset 01,Pacific,QQSS,20-180µm
139SUR2SSUU11,Size_04,363049706,SUR,139,Subset 01,Pacific,SSUU,180-2000µm
140SUR0CCKK11,Size_01,360388972,SUR,140,Subset 01,Pacific,CCKK,0.22-3µm
140SUR1GGMM11,Size_01,383472480,SUR,140,Subset 01,Pacific,GGMM,0.8-5µm
140SUR1GGZZ11,Size_All,357815036,SUR,140,Subset 02,Pacific,GGZZ,0.8-2000µm
140SUR1MMQQ11,Size_02,340480562,SUR,140,Subset 01,Pacific,MMQQ,5-20µm
140SUR1QQSS11,Size_03,268711532,SUR,140,Subset 01,Pacific,QQSS,20-180µm
140SUR1SSUU11,Size_04,334342598,SUR,140,Subset 01,Pacific,SSUU,180-2000µm
141SUR0CCKK11,Size_01,331637254,SUR,141,Subset 01,Atlantic,CCKK,0.22-3µm
141SUR1GGMM11,Size_01,269516026,SUR,141,Subset 01,Atlantic,GGMM,0.8-5µm
141SUR1GGZZ11,Size_All,295160102,SUR,141,Subset 02,Atlantic,GGZZ,0.8-2000µm
141SUR1QQSS11,Size_03,313000796,SUR,141,Subset 01,Atlantic,QQSS,20-180µm
141SUR1SSUU11,Size_04,219438948,SUR,141,Subset 01,Atlantic,SSUU,180-2000µm
142DCM0CCKK11,Size_01,302800686,DCM,142,Subset 01,Atlantic,CCKK,0.22-3µm
142DCM1GGMM11,Size_01,307106894,DCM,142,Subset 01,Atlantic,GGMM,0.8-5µm
142DCM1QQSS11,Size_03,339718368,DCM,142,Subset 01,Atlantic,QQSS,20-180µm
142DCM1SSUU11,Size_04,293780786,DCM,142,Subset 01,Atlantic,SSUU,180-2000µm
142SUR0CCKK11,Size_01,304833018,SUR,142,Subset 01,Atlantic,CCKK,0.22-3µm
142SUR1GGMM11,Size_01,310991430,SUR,142,Subset 01,Atlantic,GGMM,0.8-5µm
142SUR1GGZZ11,Size_All,322722746,SUR,142,Subset 02,Atlantic,GGZZ,0.8-2000µm
142SUR1QQSS11,Size_03,259745544,SUR,142,Subset 01,Atlantic,QQSS,20-180µm
142SUR1SSUU11,Size_04,338395206,SUR,142,Subset 01,Atlantic,SSUU,180-2000µm
143DCM1GGMM11,Size_01,372576288,DCM,143,Subset 01,Atlantic,GGMM,0.8-5µm
143DCM1GGZZ11,Size_All,314486374,DCM,143,Subset 02,Atlantic,GGZZ,0.8-2000µm
143DCM1MMQQ11,Size_02,478875134,DCM,143,Subset 01,Atlantic,MMQQ,5-20µm
143DCM1QQSS11,Size_03,336061222,DCM,143,Subset 01,Atlantic,QQSS,20-180µm
143DCM1SSUU11,Size_04,387802762,DCM,143,Subset 01,Atlantic,SSUU,180-2000µm
143SUR1GGMM11,Size_01,389802990,SUR,143,Subset 01,Atlantic,GGMM,0.8-5µm
143SUR1GGZZ11,Size_All,320786588,SUR,143,Subset 02,Atlantic,GGZZ,0.8-2000µm
143SUR1QQSS11,Size_03,306872574,SUR,143,Subset 01,Atlantic,QQSS,20-180µm
143SUR1SSUU11,Size_04,351361772,SUR,143,Subset 01,Atlantic,SSUU,180-2000µm
144SUR1GGZZ11,Size_All,353493604,SUR,144,Subset 02,Atlantic,GGZZ,0.8-2000µm
144SUR1QQSS11,Size_03,361309118,SUR,144,Outlier,Atlantic,QQSS,20-180µm
144SUR1SSUU11,Size_04,349400394,SUR,144,Outlier,Atlantic,SSUU,180-2000µm
145SUR0CCKK11,Size_01,338431702,SUR,145,Subset 01,Atlantic,CCKK,0.22-3µm
145SUR1GGMM11,Size_01,363918768,SUR,145,Subset 01,Atlantic,GGMM,0.8-5µm
145SUR1GGZZ11,Size_All,341825540,SUR,145,Subset 02,Atlantic,GGZZ,0.8-2000µm
145SUR1MMQQ11,Size_02,332385262,SUR,145,Subset 01,Atlantic,MMQQ,5-20µm
145SUR1QQSS11,Size_03,315928174,SUR,145,Subset 01,Atlantic,QQSS,20-180µm
145SUR1SSUU11,Size_04,351247906,SUR,145,Subset 01,Atlantic,SSUU,180-2000µm
146SUR0CCKK11,Size_01,328338264,SUR,146,Subset 01,Atlantic,CCKK,0.22-3µm
146SUR1GGMM11,Size_01,339654428,SUR,146,Subset 01,Atlantic,GGMM,0.8-5µm
146SUR1GGZZ11,Size_All,361128490,SUR,146,Subset 02,Atlantic,GGZZ,0.8-2000µm
146SUR1MMQQ11,Size_02,310615176,SUR,146,Subset 01,Atlantic,MMQQ,5-20µm
146SUR1QQSS11,Size_03,347380184,SUR,146,Subset 01,Atlantic,QQSS,20-180µm
146SUR1SSUU11,Size_04,315435614,SUR,146,Subset 01,Atlantic,SSUU,180-2000µm
147SUR1GGMM11,Size_01,342319486,SUR,147,Subset 01,Atlantic,GGMM,0.8-5µm
147SUR1GGZZ11,Size_All,348251256,SUR,147,Subset 02,Atlantic,GGZZ,0.8-2000µm
147SUR1QQSS11,Size_03,337759106,SUR,147,Subset 01,Atlantic,QQSS,20-180µm
147SUR1SSUU11,Size_04,313827948,SUR,147,Subset 01,Atlantic,SSUU,180-2000µm
147SUR2MMQQ11,Size_02,342693614,SUR,147,Subset 01,Atlantic,MMQQ,5-20µm
148SUR0CCKK11,Size_01,329266214,SUR,148,Subset 01,Atlantic,CCKK,0.22-3µm
148SUR1GGMM11,Size_01,327044324,SUR,148,Subset 01,Atlantic,GGMM,0.8-5µm
148SUR1GGZZ11,Size_All,348641860,SUR,148,Subset 02,Atlantic,GGZZ,0.8-2000µm
148SUR1MMQQ11,Size_02,335597424,SUR,148,Subset 01,Atlantic,MMQQ,5-20µm
148SUR1QQSS11,Size_03,383600516,SUR,148,Subset 01,Atlantic,QQSS,20-180µm
148SUR1SSUU11,Size_04,385350802,SUR,148,Subset 01,Atlantic,SSUU,180-2000µm
149SUR0CCKK11,Size_01,341667316,SUR,149,Subset 01,Atlantic,CCKK,0.22-3µm
149SUR1GGMM11,Size_01,486118438,SUR,149,Subset 01,Atlantic,GGMM,0.8-5µm
149SUR1GGZZ11,Size_All,393688280,SUR,149,Subset 02,Atlantic,GGZZ,0.8-2000µm
149SUR1MMQQ11,Size_02,268835888,SUR,149,Subset 01,Atlantic,MMQQ,5-20µm
149SUR1QQSS11,Size_03,409035202,SUR,149,Subset 01,Atlantic,QQSS,20-180µm
149SUR1SSUU11,Size_04,439275922,SUR,149,Subset 01,Atlantic,SSUU,180-2000µm
14SUR1QQSS11,Size_03,302751424,SUR,14,Outlier,Mediterranean,QQSS,20-180µm
150DCM0CCKK11,Size_01,350354644,DCM,150,Subset 01,Atlantic,CCKK,0.22-3µm
150DCM1GGMM11,Size_01,402249472,DCM,150,Subset 01,Atlantic,GGMM,0.8-5µm
150DCM1GGZZ11,Size_All,410647478,DCM,150,Subset 02,Atlantic,GGZZ,0.8-2000µm
150DCM1MMQQ11,Size_02,370045886,DCM,150,Subset 01,Atlantic,MMQQ,5-20µm
150DCM1QQSS11,Size_03,449484378,DCM,150,Subset 01,Atlantic,QQSS,20-180µm
150DCM1SSUU11,Size_04,395580554,DCM,150,Subset 01,Atlantic,SSUU,180-2000µm
150SUR0CCKK11,Size_01,370002458,SUR,150,Subset 01,Atlantic,CCKK,0.22-3µm
150SUR1GGMM11,Size_01,390428280,SUR,150,Subset 01,Atlantic,GGMM,0.8-5µm
150SUR1GGZZ11,Size_All,424265730,SUR,150,Subset 02,Atlantic,GGZZ,0.8-2000µm
150SUR1MMQQ11,Size_02,356273238,SUR,150,Subset 01,Atlantic,MMQQ,5-20µm
150SUR1QQSS11,Size_03,405925622,SUR,150,Subset 01,Atlantic,QQSS,20-180µm
150SUR1SSUU11,Size_04,370725926,SUR,150,Subset 01,Atlantic,SSUU,180-2000µm
151DCM01QQSS11,Size_03,285208860,DCM,151,Subset 01,Atlantic,QQSS,20-180µm
151DCM01SSUU11,Size_04,299412318,DCM,151,Subset 01,Atlantic,SSUU,180-2000µm
151DCM0CCKK11,Size_01,350031186,DCM,151,Subset 01,Atlantic,CCKK,0.22-3µm
151DCM1GGMM11,Size_01,396290656,DCM,151,Subset 01,Atlantic,GGMM,0.8-5µm
151DCM1GGZZ11,Size_All,294202442,DCM,151,Subset 02,Atlantic,GGZZ,0.8-2000µm
151SUR0CCKK11,Size_01,379191312,SUR,151,Subset 01,Atlantic,CCKK,0.22-3µm
151SUR1GGMM11,Size_01,319585268,SUR,151,Subset 01,Atlantic,GGMM,0.8-5µm
151SUR1GGZZ11,Size_All,422469964,SUR,151,Subset 02,Atlantic,GGZZ,0.8-2000µm
151SUR1MMQQ11,Size_02,321000088,SUR,151,Subset 01,Atlantic,MMQQ,5-20µm
151SUR1QQSS11,Size_03,298521188,SUR,151,Subset 01,Atlantic,QQSS,20-180µm
151SUR1SSUU11,Size_04,366669004,SUR,151,Subset 01,Atlantic,SSUU,180-2000µm
152SUR0CCKK11,Size_01,316906284,SUR,152,Subset 01,Atlantic,CCKK,0.22-3µm
152SUR1GGMM11,Size_01,307640590,SUR,152,Subset 01,Atlantic,GGMM,0.8-5µm
152SUR1GGZZ11,Size_All,377916698,SUR,152,Subset 02,Atlantic,GGZZ,0.8-2000µm
152SUR1MMQQ11,Size_02,360858668,SUR,152,Subset 01,Atlantic,MMQQ,5-20µm
152SUR1QQSS11,Size_03,346100386,SUR,152,Subset 01,Atlantic,QQSS,20-180µm
152SUR1SSUU11,Size_04,369552994,SUR,152,Subset 01,Atlantic,SSUU,180-2000µm
155DCM0CCKK11,Size_01,348668244,DCM,155,Subset 01,Atlantic,CCKK,0.22-3µm
155DCM1GGZZ11,Size_All,415061058,DCM,155,Subset 02,Atlantic,GGZZ,0.8-2000µm
155DCM1KKQQ11,Size_02,371154192,DCM,155,Subset 01,Atlantic,KKQQ,3-20µm
155DCM1QQSS11,Size_03,299526120,DCM,155,Subset 01,Atlantic,QQSS,20-180µm
155DCM1SSUU11,Size_04,350689492,DCM,155,Subset 01,Atlantic,SSUU,180-2000µm
155DCM2KKQQ11,Size_02,383639690,DCM,155,Subset 01,Atlantic,KKQQ,3-20µm
155SUR0CCKK11,Size_01,387919852,SUR,155,Subset 01,Atlantic,CCKK,0.22-3µm
155SUR1GGZZ11,Size_All,380296198,SUR,155,Subset 02,Atlantic,GGZZ,0.8-2000µm
155SUR1KKQQ11,Size_02,378338466,SUR,155,Subset 01,Atlantic,KKQQ,3-20µm
155SUR1SSUU11,Size_04,334074652,SUR,155,Subset 01,Atlantic,SSUU,180-2000µm
155SUR2KKQQ11,Size_02,355418560,SUR,155,Subset 01,Atlantic,KKQQ,3-20µm
155SUR2QQSS11,Size_03,353989252,SUR,155,Subset 01,Atlantic,QQSS,20-180µm
158DCM0CCKK11,Size_01,295420862,DCM,158,Subset 01,Arctic,CCKK,0.22-3µm
158DCM1GGZZ11,Size_All,382093616,DCM,158,Subset 02,Arctic,GGZZ,0.8-2000µm
158DCM1KKQQ11,Size_02,384629438,DCM,158,Subset 01,Arctic,KKQQ,3-20µm
158DCM1QQSS11,Size_03,456310188,DCM,158,Subset 01,Arctic,QQSS,20-180µm
158DCM1SSUU11,Size_04,290242724,DCM,158,Subset 01,Arctic,SSUU,180-2000µm
158SUR0CCKK11,Size_01,393780692,SUR,158,Subset 01,Arctic,CCKK,0.22-3µm
158SUR1GGZZ11,Size_All,347302708,SUR,158,Subset 02,Arctic,GGZZ,0.8-2000µm
158SUR1KKQQ11,Size_02,341441484,SUR,158,Subset 01,Arctic,KKQQ,3-20µm
158SUR1SSUU11,Size_04,357339208,SUR,158,Subset 01,Arctic,SSUU,180-2000µm
158SUR2QQSS11,Size_03,271425532,SUR,158,Subset 01,Arctic,QQSS,20-180µm
163SUR0CCKK11,Size_01,316340200,SUR,163,Subset 01,Arctic,CCKK,0.22-3µm
163SUR1GGZZ11,Size_All,314156426,SUR,163,Subset 02,Arctic,GGZZ,0.8-2000µm
163SUR1KKQQ11,Size_02,322888754,SUR,163,Subset 01,Arctic,KKQQ,3-20µm
163SUR1SSUU11,Size_04,355026472,SUR,163,Subset 01,Arctic,SSUU,180-2000µm
168DCM0CCKK11,Size_01,331562622,DCM,168,Subset 01,Arctic,CCKK,0.22-3µm
168DCM1GGZZ11,Size_All,406000104,DCM,168,Subset 02,Arctic,GGZZ,0.8-2000µm
168DCM1KKQQ11,Size_02,294184880,DCM,168,Subset 01,Arctic,KKQQ,3-20µm
168DCM1QQSS11,Size_03,246229874,DCM,168,Subset 01,Arctic,QQSS,20-180µm
168DCM1SSUU11,Size_04,374563500,DCM,168,Subset 01,Arctic,SSUU,180-2000µm
168SUR0CCKK11,Size_01,276769894,SUR,168,Subset 01,Arctic,CCKK,0.22-3µm
168SUR1GGZZ11,Size_All,252087328,SUR,168,Subset 02,Arctic,GGZZ,0.8-2000µm
168SUR1KKQQ11,Size_02,343152630,SUR,168,Subset 01,Arctic,KKQQ,3-20µm
168SUR1QQSS11,Size_03,405792504,SUR,168,Subset 01,Arctic,QQSS,20-180µm
168SUR1SSUU11,Size_04,322067346,SUR,168,Subset 01,Arctic,SSUU,180-2000µm
16DCM1GGMM11,Size_01,278031844,DCM,16,Outlier,Mediterranean,GGMM,0.8-5µm
16SUR2GGMM11,Size_01,296097616,SUR,16,Outlier,Mediterranean,GGMM,0.8-5µm
173DCM0CCKK11,Size_01,259724880,DCM,173,Subset 01,Arctic,CCKK,0.22-3µm
173DCM1GGZZ11,Size_All,401079166,DCM,173,Subset 02,Arctic,GGZZ,0.8-2000µm
173DCM1KKQQ11,Size_02,430900390,DCM,173,Subset 01,Arctic,KKQQ,3-20µm
173DCM1SSUU11,Size_04,370657150,DCM,173,Subset 01,Arctic,SSUU,180-2000µm
173SUR0CCKK11,Size_01,336509692,SUR,173,Subset 01,Arctic,CCKK,0.22-3µm
173SUR1GGZZ11,Size_All,280325626,SUR,173,Subset 02,Arctic,GGZZ,0.8-2000µm
173SUR1KKQQ11,Size_02,307654576,SUR,173,Subset 01,Arctic,KKQQ,3-20µm
173SUR1QQSS11,Size_03,442928218,SUR,173,Subset 01,Arctic,QQSS,20-180µm
173SUR1SSUU11,Size_04,326356216,SUR,173,Subset 01,Arctic,SSUU,180-2000µm
175DCM1GGZZ11,Size_All,388351986,DCM,175,Subset 02,Arctic,GGZZ,0.8-2000µm
175DCM1KKQQ11,Size_02,309776310,DCM,175,Subset 01,Arctic,KKQQ,3-20µm
175SUR0CCKK11,Size_01,345753632,SUR,175,Subset 01,Arctic,CCKK,0.22-3µm
175SUR1GGZZ11,Size_All,391237106,SUR,175,Subset 02,Arctic,GGZZ,0.8-2000µm
175SUR1KKQQ11,Size_02,273273634,SUR,175,Subset 01,Arctic,KKQQ,3-20µm
175SUR1QQSS11,Size_03,434614684,SUR,175,Subset 01,Arctic,QQSS,20-180µm
175SUR1SSUU11,Size_04,399540296,SUR,175,Subset 01,Arctic,SSUU,180-2000µm
178SUR0CCKK11,Size_01,328300662,SUR,178,Subset 01,Arctic,CCKK,0.22-3µm
178SUR1GGZZ11,Size_All,378988286,SUR,178,Subset 02,Arctic,GGZZ,0.8-2000µm
178SUR1KKQQ11,Size_02,409585042,SUR,178,Subset 01,Arctic,KKQQ,3-20µm
178SUR1QQSS11,Size_03,393862212,SUR,178,Subset 01,Arctic,QQSS,20-180µm
178SUR1SSUU11,Size_04,373698402,SUR,178,Subset 01,Arctic,SSUU,180-2000µm
17DCM1QQSS11,Size_03,368669444,DCM,17,Outlier,Mediterranean,QQSS,20-180µm
17SUR1QQSS11,Size_03,364484810,SUR,17,Outlier,Mediterranean,QQSS,20-180µm
180DCM1GGZZ11,Size_All,386500760,DCM,180,Subset 02,Arctic,GGZZ,0.8-2000µm
180DCM1KKQQ11,Size_02,335318414,DCM,180,Subset 01,Arctic,KKQQ,3-20µm
180DCM1QQSS11,Size_03,278708704,DCM,180,Subset 01,Arctic,QQSS,20-180µm
180DCM1SSUU11,Size_04,292197792,DCM,180,Subset 01,Arctic,SSUU,180-2000µm
180SUR0CCKK11,Size_01,298537308,SUR,180,Subset 01,Arctic,CCKK,0.22-3µm
180SUR1GGZZ11,Size_All,372227434,SUR,180,Subset 02,Arctic,GGZZ,0.8-2000µm
180SUR1KKQQ11,Size_02,305767704,SUR,180,Subset 01,Arctic,KKQQ,3-20µm
180SUR1QQSS11,Size_03,402966922,SUR,180,Subset 01,Arctic,QQSS,20-180µm
180SUR1SSUU11,Size_04,355668466,SUR,180,Subset 01,Arctic,SSUU,180-2000µm
188DCM0CCKK11,Size_01,331353250,DCM,188,Subset 01,Arctic,CCKK,0.22-3µm
188DCM1GGZZ11,Size_All,276757286,DCM,188,Subset 02,Arctic,GGZZ,0.8-2000µm
188DCM1KKQQ11,Size_02,360041788,DCM,188,Subset 01,Arctic,KKQQ,3-20µm
188DCM1QQSS11,Size_03,441704780,DCM,188,Subset 01,Arctic,QQSS,20-180µm
188DCM1SSUU11,Size_04,315944432,DCM,188,Subset 01,Arctic,SSUU,180-2000µm
188SUR0CCKK11,Size_01,396716366,SUR,188,Subset 01,Arctic,CCKK,0.22-3µm
188SUR1GGZZ11,Size_All,301499408,SUR,188,Subset 02,Arctic,GGZZ,0.8-2000µm
188SUR1KKQQ11,Size_02,404746260,SUR,188,Subset 01,Arctic,KKQQ,3-20µm
188SUR1QQSS11,Size_03,428740942,SUR,188,Subset 01,Arctic,QQSS,20-180µm
188SUR1SSUU11,Size_04,334756904,SUR,188,Subset 01,Arctic,SSUU,180-2000µm
189DCM0CCKK11,Size_01,277384474,DCM,189,Subset 01,Arctic,CCKK,0.22-3µm
189DCM1GGZZ11,Size_All,311611874,DCM,189,Subset 02,Arctic,GGZZ,0.8-2000µm
189DCM1KKQQ11,Size_02,450404848,DCM,189,Subset 01,Arctic,KKQQ,3-20µm
189DCM1QQSS11,Size_03,330214330,DCM,189,Subset 01,Arctic,QQSS,20-180µm
189DCM1SSUU11,Size_04,327500960,DCM,189,Subset 01,Arctic,SSUU,180-2000µm
189SUR0CCKK11,Size_01,319049638,SUR,189,Subset 01,Arctic,CCKK,0.22-3µm
189SUR1GGZZ11,Size_All,432697266,SUR,189,Subset 02,Arctic,GGZZ,0.8-2000µm
189SUR1KKQQ11,Size_02,314656454,SUR,189,Subset 01,Arctic,KKQQ,3-20µm
189SUR1QQSS11,Size_03,359786514,SUR,189,Subset 01,Arctic,QQSS,20-180µm
189SUR1SSUU11,Size_04,347240834,SUR,189,Subset 01,Arctic,SSUU,180-2000µm
18DCM0CCII11,Size_01,396386570,DCM,18,Subset 01,Mediterranean,CCII,0.2-1.6µm
18DCM1GGMM11,Size_01,300724512,DCM,18,Subset 01,Mediterranean,GGMM,0.8-5µm
18DCM1MMQQ11,Size_02,328951496,DCM,18,Subset 01,Mediterranean,MMQQ,5-20µm
18DCM1QQSS11,Size_03,543441166,DCM,18,Subset 01,Mediterranean,QQSS,20-180µm
18DCM1SSUU11,Size_04,305862354,DCM,18,Subset 01,Mediterranean,SSUU,180-2000µm
18SUR0CCII11,Size_01,397118452,SUR,18,Subset 01,Mediterranean,CCII,0.2-1.6µm
18SUR1GGMM11,Size_01,308072314,SUR,18,Subset 01,Mediterranean,GGMM,0.8-5µm
18SUR1MMQQ11,Size_02,336698990,SUR,18,Subset 01,Mediterranean,MMQQ,5-20µm
18SUR1QQSS11,Size_03,325222348,SUR,18,Subset 01,Mediterranean,QQSS,20-180µm
18SUR1SSUU11,Size_04,343523248,SUR,18,Subset 01,Mediterranean,SSUU,180-2000µm
191SUR0CCKK11,Size_01,335197842,SUR,191,Subset 01,Arctic,CCKK,0.22-3µm
191SUR1QQSS11,Size_03,712863324,SUR,191,Subset 01,Arctic,QQSS,20-180µm
191SUR1SSUU11,Size_04,350240156,SUR,191,Subset 01,Arctic,SSUU,180-2000µm
191SUR2GGZZ11,Size_All,361983792,SUR,191,Subset 02,Arctic,GGZZ,0.8-2000µm
191SUR2KKQQ11,Size_02,324723336,SUR,191,Subset 01,Arctic,KKQQ,3-20µm
193SUR0CCKK11,Size_01,317974430,SUR,193,Subset 01,Arctic,CCKK,0.22-3µm
193SUR1GGZZ11,Size_All,400353488,SUR,193,Subset 02,Arctic,GGZZ,0.8-2000µm
193SUR1KKQQ11,Size_02,336087648,SUR,193,Subset 01,Arctic,KKQQ,3-20µm
193SUR1QQSS11,Size_03,327660254,SUR,193,Subset 01,Arctic,QQSS,20-180µm
193SUR1SSUU11,Size_04,477461156,SUR,193,Subset 01,Arctic,SSUU,180-2000µm
194DCM0CCKK11,Size_01,393345702,DCM,194,Subset 01,Arctic,CCKK,0.22-3µm
194DCM1GGZZ11,Size_All,268493084,DCM,194,Subset 02,Arctic,GGZZ,0.8-2000µm
194DCM1KKQQ11,Size_02,354292416,DCM,194,Subset 01,Arctic,KKQQ,3-20µm
194DCM1QQSS11,Size_03,325020790,DCM,194,Subset 01,Arctic,QQSS,20-180µm
194DCM1SSUU11,Size_04,302823980,DCM,194,Subset 01,Arctic,SSUU,180-2000µm
194SUR0CCKK11,Size_01,409468784,SUR,194,Subset 01,Arctic,CCKK,0.22-3µm
194SUR1GGZZ11,Size_All,461870348,SUR,194,Subset 02,Arctic,GGZZ,0.8-2000µm
194SUR1KKQQ11,Size_02,369679902,SUR,194,Subset 01,Arctic,KKQQ,3-20µm
194SUR1SSUU11,Size_04,399837688,SUR,194,Subset 01,Arctic,SSUU,180-2000µm
194SUR2QQSS11,Size_03,364140298,SUR,194,Subset 01,Arctic,QQSS,20-180µm
196SUR0CCKK11,Size_01,353714532,SUR,196,Subset 01,Arctic,CCKK,0.22-3µm
196SUR1GGZZ11,Size_All,288661550,SUR,196,Subset 02,Arctic,GGZZ,0.8-2000µm
196SUR1KKQQ11,Size_02,321452504,SUR,196,Subset 01,Arctic,KKQQ,3-20µm
196SUR1QQSS11,Size_03,301839722,SUR,196,Subset 01,Arctic,QQSS,20-180µm
196SUR1SSUU11,Size_04,294111014,SUR,196,Subset 01,Arctic,SSUU,180-2000µm
19SUR1GGMM11,Size_01,357472520,SUR,19,Subset 01,Mediterranean,GGMM,0.8-5µm
19SUR1MMQQ11,Size_02,405755804,SUR,19,Subset 01,Mediterranean,MMQQ,5-20µm
19SUR1QQSS11,Size_03,398256856,SUR,19,Subset 01,Mediterranean,QQSS,20-180µm
19SUR1SSUU11,Size_04,388051386,SUR,19,Subset 01,Mediterranean,SSUU,180-2000µm
201DCM0CCKK11,Size_01,399339872,DCM,201,Subset 01,Arctic,CCKK,0.22-3µm
201DCM1GGZZ11,Size_All,257041926,DCM,201,Subset 02,Arctic,GGZZ,0.8-2000µm
201DCM1KKQQ11,Size_02,273879882,DCM,201,Subset 01,Arctic,KKQQ,3-20µm
201DCM1QQSS11,Size_03,380564106,DCM,201,Subset 01,Arctic,QQSS,20-180µm
201DCM1SSUU11,Size_04,301064778,DCM,201,Subset 01,Arctic,SSUU,180-2000µm
201SUR0CCKK11,Size_01,470323820,SUR,201,Subset 01,Arctic,CCKK,0.22-3µm
201SUR1GGZZ11,Size_All,231853400,SUR,201,Subset 02,Arctic,GGZZ,0.8-2000µm
201SUR1KKQQ11,Size_02,321461862,SUR,201,Subset 01,Arctic,KKQQ,3-20µm
201SUR1QQSS11,Size_03,334047654,SUR,201,Subset 01,Arctic,QQSS,20-180µm
201SUR1SSUU11,Size_04,313546746,SUR,201,Subset 01,Arctic,SSUU,180-2000µm
205SUR0CCKK11,Size_01,381899588,SUR,205,Subset 01,Arctic,CCKK,0.22-3µm
205SUR1GGZZ11,Size_All,299265878,SUR,205,Subset 02,Arctic,GGZZ,0.8-2000µm
205SUR1KKQQ11,Size_02,337051894,SUR,205,Subset 01,Arctic,KKQQ,3-20µm
205SUR1QQSS11,Size_03,363910022,SUR,205,Subset 01,Arctic,QQSS,20-180µm
205SUR1SSUU11,Size_04,342367312,SUR,205,Subset 01,Arctic,SSUU,180-2000µm
206SUR0CCKK11,Size_01,345737612,SUR,206,Subset 01,Arctic,CCKK,0.22-3µm
206SUR1GGZZ11,Size_All,216336646,SUR,206,Subset 02,Arctic,GGZZ,0.8-2000µm
206SUR1KKQQ11,Size_02,265480248,SUR,206,Subset 01,Arctic,KKQQ,3-20µm
206SUR1QQSS11,Size_03,428145832,SUR,206,Subset 01,Arctic,QQSS,20-180µm
206SUR1SSUU11,Size_04,293174424,SUR,206,Subset 01,Arctic,SSUU,180-2000µm
208SUR0CCKK11,Size_01,341961440,SUR,208,Subset 01,Arctic,CCKK,0.22-3µm
208SUR1GGZZ11,Size_All,353863922,SUR,208,Subset 02,Arctic,GGZZ,0.8-2000µm
208SUR1KKQQ11,Size_02,286065988,SUR,208,Subset 01,Arctic,KKQQ,3-20µm
208SUR1QQSS11,Size_03,425884786,SUR,208,Subset 01,Arctic,QQSS,20-180µm
208SUR2SSUU11,Size_04,416067436,SUR,208,Subset 01,Arctic,SSUU,180-2000µm
209SUR0CCKK11,Size_01,291177056,SUR,209,Subset 01,Arctic,CCKK,0.22-3µm
209SUR1GGZZ11,Size_All,376163456,SUR,209,Subset 02,Arctic,GGZZ,0.8-2000µm
209SUR1KKQQ11,Size_02,382337620,SUR,209,Subset 01,Arctic,KKQQ,3-20µm
209SUR1QQSS11,Size_03,348577300,SUR,209,Subset 01,Arctic,QQSS,20-180µm
209SUR2SSUU11,Size_04,362149320,SUR,209,Subset 01,Arctic,SSUU,180-2000µm
20SUR2GGMM11,Size_01,314399518,SUR,20,Subset 01,Mediterranean,GGMM,0.8-5µm
20SUR2QQSS11,Size_03,318707606,SUR,20,Subset 01,Mediterranean,QQSS,20-180µm
20SUR2SSUU11,Size_04,334134768,SUR,20,Subset 01,Mediterranean,SSUU,180-2000µm
210SUR0CCKK11,Size_01,315107812,SUR,210,Subset 01,Arctic,CCKK,0.22-3µm
210SUR1GGZZ11,Size_All,348867758,SUR,210,Subset 02,Arctic,GGZZ,0.8-2000µm
210SUR1KKQQ11,Size_02,342831212,SUR,210,Subset 01,Arctic,KKQQ,3-20µm
210SUR1QQSS11,Size_03,337990564,SUR,210,Subset 01,Arctic,QQSS,20-180µm
210SUR2SSUU11,Size_04,333504102,SUR,210,Subset 01,Arctic,SSUU,180-2000µm
21SUR1GGMM11,Size_01,384418994,SUR,21,Subset 01,Mediterranean,GGMM,0.8-5µm
21SUR1QQSS11,Size_03,398637300,SUR,21,Subset 01,Mediterranean,QQSS,20-180µm
21SUR1SSUU11,Size_04,321971078,SUR,21,Subset 01,Mediterranean,SSUU,180-2000µm
22DCM01SSUU11,Size_04,382872250,DCM,22,Subset 01,Mediterranean,SSUU,180-2000µm
22DCM1GGMM11,Size_01,306331156,DCM,22,Subset 01,Mediterranean,GGMM,0.8-5µm
22DCM1MMQQ11,Size_02,310532436,DCM,22,Subset 01,Mediterranean,MMQQ,5-20µm
22DCM1QQSS11,Size_03,363613670,DCM,22,Subset 01,Mediterranean,QQSS,20-180µm
22SUR02SSUU11,Size_04,340489318,SUR,22,Subset 01,Mediterranean,SSUU,180-2000µm
22SUR1GGMM11,Size_01,382554692,SUR,22,Subset 01,Mediterranean,GGMM,0.8-5µm
22SUR1MMQQ11,Size_02,359374312,SUR,22,Subset 01,Mediterranean,MMQQ,5-20µm
22SUR1QQSS11,Size_03,299045468,SUR,22,Subset 01,Mediterranean,QQSS,20-180µm
23DCM0CCII11,Size_01,143541086,DCM,23,Subset 01,Mediterranean,CCII,0.2-1.6µm
23DCM1GGMM11,Size_01,589241028,DCM,23,Subset 01,Mediterranean,GGMM,0.8-5µm
23DCM1MMQQ11,Size_02,518891296,DCM,23,Subset 01,Mediterranean,MMQQ,5-20µm
23DCM1QQSS11,Size_03,511961698,DCM,23,Subset 01,Mediterranean,QQSS,20-180µm
23DCM1SSUU11,Size_04,583958636,DCM,23,Subset 01,Mediterranean,SSUU,180-2000µm
23SUR0CCII11,Size_01,145325640,SUR,23,Subset 01,Mediterranean,CCII,0.2-1.6µm
23SUR1GGMM11,Size_01,497607918,SUR,23,Subset 01,Mediterranean,GGMM,0.8-5µm
23SUR1MMQQ11,Size_02,516220012,SUR,23,Subset 01,Mediterranean,MMQQ,5-20µm
23SUR1QQSS11,Size_03,519287634,SUR,23,Subset 01,Mediterranean,QQSS,20-180µm
23SUR1SSUU11,Size_04,468258452,SUR,23,Subset 01,Mediterranean,SSUU,180-2000µm
24SUR1QQSS11,Size_03,258539338,SUR,24,Outlier,Mediterranean,QQSS,20-180µm
24SUR1SSUU11,Size_04,353608970,SUR,24,Outlier,Mediterranean,SSUU,180-2000µm
25DCM0CCII11,Size_01,372367874,DCM,25,Subset 01,Mediterranean,CCII,0.2-1.6µm
25DCM1GGMM11,Size_01,319584302,DCM,25,Subset 01,Mediterranean,GGMM,0.8-5µm
25DCM1QQSS11,Size_03,308020602,DCM,25,Subset 01,Mediterranean,QQSS,20-180µm
25DCM1SSUU11,Size_04,358716262,DCM,25,Subset 01,Mediterranean,SSUU,180-2000µm
25SUR0CCII11,Size_01,438714400,SUR,25,Subset 01,Mediterranean,CCII,0.2-1.6µm
25SUR1GGMM11,Size_01,335502776,SUR,25,Subset 01,Mediterranean,GGMM,0.8-5µm
25SUR1MMQQ11,Size_02,333347442,SUR,25,Subset 01,Mediterranean,MMQQ,5-20µm
25SUR1QQSS11,Size_03,302002708,SUR,25,Subset 01,Mediterranean,QQSS,20-180µm
25SUR1SSUU11,Size_04,368103852,SUR,25,Subset 01,Mediterranean,SSUU,180-2000µm
26SUR1QQSS11,Size_03,316190482,SUR,26,Outlier,Mediterranean,QQSS,20-180µm
26SUR1SSUU11,Size_04,320313092,SUR,26,Outlier,Mediterranean,SSUU,180-2000µm
30DCM0CCII11,Size_01,300561212,DCM,30,Subset 01,Mediterranean,CCII,0.2-1.6µm
30DCM1GGMM11,Size_01,514293236,DCM,30,Subset 01,Mediterranean,GGMM,0.8-5µm
30DCM1MMQQ11,Size_02,517159550,DCM,30,Subset 01,Mediterranean,MMQQ,5-20µm
30DCM1QQSS11,Size_03,104232004,DCM,30,Subset 01,Mediterranean,QQSS,20-180µm
30SUR0CCII11,Size_01,449352310,SUR,30,Subset 01,Mediterranean,CCII,0.2-1.6µm
30SUR1GGMM11,Size_01,528537246,SUR,30,Subset 01,Mediterranean,GGMM,0.8-5µm
30SUR1MMQQ11,Size_02,423157124,SUR,30,Subset 01,Mediterranean,MMQQ,5-20µm
30SUR1QQSS11,Size_03,406661984,SUR,30,Subset 01,Mediterranean,QQSS,20-180µm
30SUR1SSUU11,Size_04,126980734,SUR,30,Subset 01,Mediterranean,SSUU,180-2000µm
31SUR1CCII11,Size_01,368077004,SUR,31,Subset 01,Red_Sea,CCII,0.2-1.6µm
31SUR1QQSS11,Size_03,363525840,SUR,31,Subset 01,Red_Sea,QQSS,20-180µm
31SUR1SSUU11,Size_04,273647780,SUR,31,Subset 01,Red_Sea,SSUU,180-2000µm
32DCM0CCII11,Size_01,378724048,DCM,32,Subset 01,Red_Sea,CCII,0.2-1.6µm
32DCM1GGMM11,Size_01,344200590,DCM,32,Subset 01,Red_Sea,GGMM,0.8-5µm
32DCM1QQSS11,Size_03,373670172,DCM,32,Subset 01,Red_Sea,QQSS,20-180µm
32DCM1SSUU11,Size_04,325695768,DCM,32,Subset 01,Red_Sea,SSUU,180-2000µm
32SUR0CCII11,Size_01,388760200,SUR,32,Subset 01,Red_Sea,CCII,0.2-1.6µm
32SUR1GGMM11,Size_01,273506922,SUR,32,Subset 01,Red_Sea,GGMM,0.8-5µm
32SUR1QQSS11,Size_03,268176432,SUR,32,Subset 01,Red_Sea,QQSS,20-180µm
32SUR1SSUU11,Size_04,364291202,SUR,32,Subset 01,Red_Sea,SSUU,180-2000µm
33SUR0CCII11,Size_01,242924438,SUR,33,Subset 01,Red_Sea,CCII,0.2-1.6µm
33SUR1QQSS11,Size_03,341747940,SUR,33,Subset 01,Red_Sea,QQSS,20-180µm
33SUR1SSUU11,Size_04,385475604,SUR,33,Subset 01,Red_Sea,SSUU,180-2000µm
34DCM0CCII11,Size_01,423354298,DCM,34,Subset 01,Red_Sea,CCII,0.2-1.6µm
34DCM1GGMM11,Size_01,635104254,DCM,34,Subset 01,Red_Sea,GGMM,0.8-5µm
34DCM1MMQQ11,Size_02,332528386,DCM,34,Subset 01,Red_Sea,MMQQ,5-20µm
34DCM1QQSS11,Size_03,301764044,DCM,34,Subset 01,Red_Sea,QQSS,20-180µm
34DCM1SSUU11,Size_04,308289156,DCM,34,Subset 01,Red_Sea,SSUU,180-2000µm
34SUR0CCII11,Size_01,230512790,SUR,34,Subset 01,Red_Sea,CCII,0.2-1.6µm
34SUR1QQSS11,Size_03,306657278,SUR,34,Subset 01,Red_Sea,QQSS,20-180µm
34SUR2SSUU11,Size_04,209614204,SUR,34,Subset 01,Red_Sea,SSUU,180-2000µm
36DCM0CCII11,Size_01,386785218,DCM,36,Subset 01,Indian,CCII,0.2-1.6µm
36DCM1GGMM11,Size_01,325723998,DCM,36,Subset 01,Indian,GGMM,0.8-5µm
36DCM1QQSS11,Size_03,315588940,DCM,36,Subset 01,Indian,QQSS,20-180µm
36DCM1SSUU11,Size_04,310858362,DCM,36,Subset 01,Indian,SSUU,180-2000µm
36SUR0CCII11,Size_01,243648574,SUR,36,Subset 01,Indian,CCII,0.2-1.6µm
36SUR1GGMM11,Size_01,298317236,SUR,36,Subset 01,Indian,GGMM,0.8-5µm
36SUR1QQSS11,Size_03,311527792,SUR,36,Subset 01,Indian,QQSS,20-180µm
36SUR1SSUU11,Size_04,315388850,SUR,36,Subset 01,Indian,SSUU,180-2000µm
38DCM0CCII11,Size_01,398550298,DCM,38,Subset 01,Indian,CCII,0.2-1.6µm
38DCM0GGMM11,Size_01,305260292,DCM,38,Subset 01,Indian,GGMM,0.8-5µm
38DCM0QQSS11,Size_03,331676946,DCM,38,Subset 01,Indian,QQSS,20-180µm
38DCM0SSUU11,Size_04,352111792,DCM,38,Subset 01,Indian,SSUU,180-2000µm
38SUR0CCII11,Size_01,252840994,SUR,38,Subset 01,Indian,CCII,0.2-1.6µm
38SUR0GGMM11,Size_01,354758954,SUR,38,Subset 01,Indian,GGMM,0.8-5µm
39DCM1GGMM11,Size_01,327771954,DCM,39,Subset 01,Indian,GGMM,0.8-5µm
39DCM1QQSS11,Size_03,301162174,DCM,39,Subset 01,Indian,QQSS,20-180µm
39DCM1SSUU11,Size_04,339624470,DCM,39,Subset 01,Indian,SSUU,180-2000µm
39SUR1GGMM11,Size_01,310727782,SUR,39,Subset 01,Indian,GGMM,0.8-5µm
39SUR1QQSS11,Size_03,342794138,SUR,39,Subset 01,Indian,QQSS,20-180µm
41DCM0CCII11,Size_01,434533050,DCM,41,Subset 01,Indian,CCII,0.2-1.6µm
41DCM1GGMM11,Size_01,335388538,DCM,41,Subset 01,Indian,GGMM,0.8-5µm
41DCM1QQSS11,Size_03,316952736,DCM,41,Subset 01,Indian,QQSS,20-180µm
41DCM1SSUU11,Size_04,345166178,DCM,41,Subset 01,Indian,SSUU,180-2000µm
41SUR0CCII11,Size_01,423974030,SUR,41,Subset 01,Indian,CCII,0.2-1.6µm
41SUR1GGMM11,Size_01,361383404,SUR,41,Subset 01,Indian,GGMM,0.8-5µm
41SUR1QQSS11,Size_03,366263302,SUR,41,Subset 01,Indian,QQSS,20-180µm
41SUR1SSUU11,Size_04,331300214,SUR,41,Subset 01,Indian,SSUU,180-2000µm
42DCM0CCII11,Size_01,402630922,DCM,42,Subset 01,Indian,CCII,0.2-1.6µm
42DCM1GGMM11,Size_01,330139714,DCM,42,Subset 01,Indian,GGMM,0.8-5µm
42DCM1QQSS11,Size_03,326770774,DCM,42,Subset 01,Indian,QQSS,20-180µm
42DCM1SSUU11,Size_04,319796660,DCM,42,Subset 01,Indian,SSUU,180-2000µm
42SUR0CCII11,Size_01,376144612,SUR,42,Subset 01,Indian,CCII,0.2-1.6µm
42SUR1GGMM11,Size_01,270146216,SUR,42,Subset 01,Indian,GGMM,0.8-5µm
42SUR1QQSS11,Size_03,294556970,SUR,42,Subset 01,Indian,QQSS,20-180µm
42SUR1SSUU11,Size_04,348521604,SUR,42,Subset 01,Indian,SSUU,180-2000µm
43SUR1GGMM11,Size_01,339638900,SUR,43,Subset 01,Indian,GGMM,0.8-5µm
43SUR1MMQQ11,Size_02,323348030,SUR,43,Subset 01,Indian,MMQQ,5-20µm
43SUR1QQSS11,Size_03,393527240,SUR,43,Subset 01,Indian,QQSS,20-180µm
43SUR1SSUU11,Size_04,362371828,SUR,43,Subset 01,Indian,SSUU,180-2000µm
45SUR0CCII11,Size_01,379535920,SUR,45,Subset 01,Indian,CCII,0.2-1.6µm
45SUR1GGMM11,Size_01,358286038,SUR,45,Subset 01,Indian,GGMM,0.8-5µm
45SUR1MMQQ11,Size_02,338504176,SUR,45,Subset 01,Indian,MMQQ,5-20µm
45SUR1QQSS11,Size_03,284301386,SUR,45,Subset 01,Indian,QQSS,20-180µm
45SUR1SSUU11,Size_04,330570208,SUR,45,Subset 01,Indian,SSUU,180-2000µm
46SUR1GGMM11,Size_01,322504638,SUR,46,Subset 01,Indian,GGMM,0.8-5µm
46SUR1MMQQ11,Size_02,329193372,SUR,46,Subset 01,Indian,MMQQ,5-20µm
46SUR1QQSS11,Size_03,316450762,SUR,46,Subset 01,Indian,QQSS,20-180µm
46SUR1SSUU11,Size_04,302833770,SUR,46,Subset 01,Indian,SSUU,180-2000µm
47DCM01GGZZ11,Size_All,323382386,DCM,47,Subset 02,Indian,GGZZ,0.8-2000µm
47SUR1QQSS11,Size_03,335186284,SUR,47,Outlier,Indian,QQSS,20-180µm
47SUR1SSUU11,Size_04,326951892,SUR,47,Outlier,Indian,SSUU,180-2000µm
48SUR0CCII11,Size_01,478757670,SUR,48,Outlier,Indian,CCII,0.2-1.6µm
49SUR1QQSS11,Size_03,363599172,SUR,49,Outlier,Indian,QQSS,20-180µm
49SUR1SSUU11,Size_04,287233762,SUR,49,Outlier,Indian,SSUU,180-2000µm
4DCM0CCII11,Size_01,455418936,DCM,4,Subset 01,Atlantic,CCII,0.2-1.6µm
4DCM1GGMM11,Size_01,403654194,DCM,4,Subset 01,Atlantic,GGMM,0.8-5µm
4SUR1CCII11,Size_01,383517262,SUR,4,Subset 01,Atlantic,CCII,0.2-1.6µm
4SUR1GGMM11,Size_01,334554154,SUR,4,Subset 01,Atlantic,GGMM,0.8-5µm
4SUR1MMQQ11,Size_02,350687628,SUR,4,Subset 01,Atlantic,MMQQ,5-20µm
4SUR1SSUU11,Size_04,308955320,SUR,4,Subset 01,Atlantic,SSUU,180-2000µm
50DCM01MMQQ11,Size_02,305257792,DCM,50,Subset 01,Indian,MMQQ,5-20µm
50DCM1GGMM11,Size_01,290566306,DCM,50,Subset 01,Indian,GGMM,0.8-5µm
50DCM2SSUU11,Size_04,286784694,DCM,50,Subset 01,Indian,SSUU,180-2000µm
50SUR1QQSS11,Size_03,377613404,SUR,50,Subset 01,Indian,QQSS,20-180µm
50SUR2GGMM11,Size_01,391648452,SUR,50,Subset 01,Indian,GGMM,0.8-5µm
51DCM01QQRR11,Size_03,286241266,DCM,51,Subset 01,Indian,QQRR,20-200µm
51DCM1GGMM11,Size_01,347945060,DCM,51,Subset 01,Indian,GGMM,0.8-5µm
51DCM1SSUU11,Size_04,281429676,DCM,51,Subset 01,Indian,SSUU,180-2000µm
51DCM2MMQQ11,Size_02,307628296,DCM,51,Subset 01,Indian,MMQQ,5-20µm
51SUR1GGMM11,Size_01,325838270,SUR,51,Subset 01,Indian,GGMM,0.8-5µm
51SUR1MMQQ11,Size_02,357908476,SUR,51,Subset 01,Indian,MMQQ,5-20µm
51SUR1QQSS11,Size_03,272609672,SUR,51,Subset 01,Indian,QQSS,20-180µm
51SUR1SSUU11,Size_04,277567726,SUR,51,Subset 01,Indian,SSUU,180-2000µm
51SUR2MMQQ11,Size_02,273711144,SUR,51,Subset 01,Indian,MMQQ,5-20µm
51SUR3MMQQ11,Size_02,293786672,SUR,51,Subset 01,Indian,MMQQ,5-20µm
52DCM0CCII11,Size_01,378336890,DCM,52,Subset 01,Indian,CCII,0.2-1.6µm
52DCM0GGMM11,Size_01,287710362,DCM,52,Subset 01,Indian,GGMM,0.8-5µm
52DCM0QQSS11,Size_03,280198674,DCM,52,Subset 01,Indian,QQSS,20-180µm
52DCM0SSUU11,Size_04,311604124,DCM,52,Subset 01,Indian,SSUU,180-2000µm
52SUR0CCII11,Size_01,392338662,SUR,52,Subset 01,Indian,CCII,0.2-1.6µm
52SUR0GGMM11,Size_01,350337418,SUR,52,Subset 01,Indian,GGMM,0.8-5µm
52SUR0QQSS11,Size_03,323732754,SUR,52,Subset 01,Indian,QQSS,20-180µm
52SUR0SSUU11,Size_04,369140734,SUR,52,Subset 01,Indian,SSUU,180-2000µm
53SUR1GGMM11,Size_01,283575024,SUR,53,Subset 01,Indian,GGMM,0.8-5µm
53SUR1MMQQ11,Size_02,314283270,SUR,53,Subset 01,Indian,MMQQ,5-20µm
53SUR1QQSS11,Size_03,306839322,SUR,53,Subset 01,Indian,QQSS,20-180µm
53SUR1SSUU11,Size_04,363870016,SUR,53,Subset 01,Indian,SSUU,180-2000µm
54SUR1GGMM11,Size_01,290580302,SUR,54,Subset 01,Indian,GGMM,0.8-5µm
54SUR1QQSS11,Size_03,237699304,SUR,54,Subset 01,Indian,QQSS,20-180µm
54SUR1SSUU11,Size_04,311064272,SUR,54,Subset 01,Indian,SSUU,180-2000µm
54SUR2MMQQ11,Size_02,206430434,SUR,54,Subset 01,Indian,MMQQ,5-20µm
56SUR0CCKK11,Size_01,315678718,SUR,56,Outlier,Indian,CCKK,0.22-3µm
57SUR0CCKK11,Size_01,314659298,SUR,57,Outlier,Indian,CCKK,0.22-3µm
57SUR1GGMM11,Size_01,260632154,SUR,57,Outlier,Indian,GGMM,0.8-5µm
57SUR1QQSS11,Size_03,349301678,SUR,57,Outlier,Indian,QQSS,20-180µm
58DCM0CCKK11,Size_01,324121012,DCM,58,Subset 01,Indian,CCKK,0.22-3µm
58DCM1GGMM11,Size_01,316666160,DCM,58,Subset 01,Indian,GGMM,0.8-5µm
58DCM1QQSS11,Size_03,284583366,DCM,58,Subset 01,Indian,QQSS,20-180µm
58DCM1SSUU11,Size_04,333280550,DCM,58,Subset 01,Indian,SSUU,180-2000µm
58SUR1GGMM11,Size_01,314087400,SUR,58,Subset 01,Indian,GGMM,0.8-5µm
58SUR1MMQQ11,Size_02,431128186,SUR,58,Subset 01,Indian,MMQQ,5-20µm
58SUR1QQSS11,Size_03,427084058,SUR,58,Subset 01,Indian,QQSS,20-180µm
58SUR1SSUU11,Size_04,376035476,SUR,58,Subset 01,Indian,SSUU,180-2000µm
5DCM1GGMM11,Size_01,368680550,DCM,5,Outlier,Atlantic,GGMM,0.8-5µm
5DCM1SSUU11,Size_04,441971364,DCM,5,Outlier,Atlantic,SSUU,180-2000µm
5SUR1GGMM11,Size_01,410837790,SUR,5,Outlier,Atlantic,GGMM,0.8-5µm
5SUR1SSUU11,Size_04,419388584,SUR,5,Outlier,Atlantic,SSUU,180-2000µm
62SUR0CCKK11,Size_01,284327730,SUR,62,Subset 01,Indian,CCKK,0.22-3µm
62SUR1GGMM11,Size_01,311941986,SUR,62,Subset 01,Indian,GGMM,0.8-5µm
62SUR1QQSS11,Size_03,288855664,SUR,62,Subset 01,Indian,QQSS,20-180µm
62SUR1SSUU11,Size_04,304649620,SUR,62,Subset 01,Indian,SSUU,180-2000µm
64DCM0CCKK11,Size_01,371486676,DCM,64,Subset 01,Indian,CCKK,0.22-3µm
64DCM1GGMM11,Size_01,265049612,DCM,64,Subset 01,Indian,GGMM,0.8-5µm
64DCM1QQSS11,Size_03,293838436,DCM,64,Subset 01,Indian,QQSS,20-180µm
64DCM1SSUU11,Size_04,293106922,DCM,64,Subset 01,Indian,SSUU,180-2000µm
64SUR0CCKK11,Size_01,606674106,SUR,64,Subset 01,Indian,CCKK,0.22-3µm
64SUR1GGMM11,Size_01,281984314,SUR,64,Subset 01,Indian,GGMM,0.8-5µm
64SUR1QQSS11,Size_03,306682606,SUR,64,Subset 01,Indian,QQSS,20-180µm
64SUR1SSUU11,Size_04,414394614,SUR,64,Subset 01,Indian,SSUU,180-2000µm
64SUR2MMQQ11,Size_02,306952346,SUR,64,Subset 01,Indian,MMQQ,5-20µm
65DCM0CCKK11,Size_01,404894294,DCM,65,Subset 01,Indian,CCKK,0.22-3µm
65DCM1GGMM11,Size_01,249405474,DCM,65,Subset 01,Indian,GGMM,0.8-5µm
65SUR0CCKK11,Size_01,265098922,SUR,65,Subset 01,Indian,CCKK,0.22-3µm
65SUR1QQSS11,Size_03,350494184,SUR,65,Subset 01,Indian,QQSS,20-180µm
65SUR1SSUU11,Size_04,285797638,SUR,65,Subset 01,Indian,SSUU,180-2000µm
66DCM0CCKK11,Size_01,141239226,DCM,66,Subset 01,Atlantic,CCKK,0.22-3µm
66DCM1GGMM11,Size_01,562964574,DCM,66,Subset 01,Atlantic,GGMM,0.8-5µm
66SUR0CCKK11,Size_01,297524548,SUR,66,Subset 01,Atlantic,CCKK,0.22-3µm
66SUR1GGMM11,Size_01,236386102,SUR,66,Subset 01,Atlantic,GGMM,0.8-5µm
66SUR1QQSS11,Size_03,362615158,SUR,66,Subset 01,Atlantic,QQSS,20-180µm
66SUR1SSUU11,Size_04,357023504,SUR,66,Subset 01,Atlantic,SSUU,180-2000µm
67SUR0CCKK11,Size_01,149479376,SUR,67,Subset 01,Atlantic,CCKK,0.22-3µm
67SUR1GGMM11,Size_01,280993828,SUR,67,Subset 01,Atlantic,GGMM,0.8-5µm
67SUR1GGZZ11,Size_All,333557068,SUR,67,Subset 02,Atlantic,GGZZ,0.8-2000µm
67SUR1MMQQ11,Size_02,287696698,SUR,67,Subset 01,Atlantic,MMQQ,5-20µm
67SUR1QQSS11,Size_03,299093534,SUR,67,Subset 01,Atlantic,QQSS,20-180µm
67SUR1SSUU11,Size_04,319021370,SUR,67,Subset 01,Atlantic,SSUU,180-2000µm
68DCM0CCKK11,Size_01,235870862,DCM,68,Subset 01,Atlantic,CCKK,0.22-3µm
68DCM1GGMM11,Size_01,414259346,DCM,68,Subset 01,Atlantic,GGMM,0.8-5µm
68DCM1GGZZ11,Size_All,298515114,DCM,68,Subset 02,Atlantic,GGZZ,0.8-2000µm
68DCM1QQSS11,Size_03,377085696,DCM,68,Subset 01,Atlantic,QQSS,20-180µm
68DCM1SSUU11,Size_04,349473120,DCM,68,Subset 01,Atlantic,SSUU,180-2000µm
68SUR0CCKK11,Size_01,257120236,SUR,68,Subset 01,Atlantic,CCKK,0.22-3µm
68SUR1GGMM11,Size_01,293010720,SUR,68,Subset 01,Atlantic,GGMM,0.8-5µm
68SUR1GGZZ11,Size_All,286453422,SUR,68,Subset 02,Atlantic,GGZZ,0.8-2000µm
68SUR1QQSS11,Size_03,317418674,SUR,68,Subset 01,Atlantic,QQSS,20-180µm
68SUR1SSUU11,Size_04,325768780,SUR,68,Subset 01,Atlantic,SSUU,180-2000µm
6DCM2GGMM11,Size_01,388339018,DCM,6,Subset 01,Mediterranean,GGMM,0.8-5µm
6DCM2SSUU11,Size_04,340412438,DCM,6,Subset 01,Mediterranean,SSUU,180-2000µm
6SUR1GGMM11,Size_01,316483282,SUR,6,Subset 01,Mediterranean,GGMM,0.8-5µm
6SUR2GGMM11,Size_01,369689574,SUR,6,Subset 01,Mediterranean,GGMM,0.8-5µm
6SUR2MMQQ11,Size_02,392650282,SUR,6,Subset 01,Mediterranean,MMQQ,5-20µm
6SUR2SSUU11,Size_04,421322910,SUR,6,Subset 01,Mediterranean,SSUU,180-2000µm
70SUR0CCKK11,Size_01,226150120,SUR,70,Subset 01,Atlantic,CCKK,0.22-3µm
70SUR1GGMM11,Size_01,282921616,SUR,70,Subset 01,Atlantic,GGMM,0.8-5µm
70SUR1GGZZ11,Size_All,270195334,SUR,70,Subset 02,Atlantic,GGZZ,0.8-2000µm
70SUR1MMQQ11,Size_02,335352840,SUR,70,Subset 01,Atlantic,MMQQ,5-20µm
70SUR1QQSS11,Size_03,336226244,SUR,70,Subset 01,Atlantic,QQSS,20-180µm
70SUR1SSUU11,Size_04,294240294,SUR,70,Subset 01,Atlantic,SSUU,180-2000µm
71SUR1GGMM11,Size_01,306403282,SUR,71,Subset 01,Atlantic,GGMM,0.8-5µm
71SUR1GGZZ11,Size_All,334757362,SUR,71,Subset 02,Atlantic,GGZZ,0.8-2000µm
71SUR1MMQQ11,Size_02,319504162,SUR,71,Subset 01,Atlantic,MMQQ,5-20µm
71SUR1QQSS11,Size_03,349511180,SUR,71,Subset 01,Atlantic,QQSS,20-180µm
71SUR1SSUU11,Size_04,390212500,SUR,71,Subset 01,Atlantic,SSUU,180-2000µm
72DCM0CCKK11,Size_01,314571652,DCM,72,Subset 01,Atlantic,CCKK,0.22-3µm
72DCM0GGMM11,Size_01,306582592,DCM,72,Subset 01,Atlantic,GGMM,0.8-5µm
72DCM0GGZZ11,Size_All,294522088,DCM,72,Subset 02,Atlantic,GGZZ,0.8-2000µm
72DCM0MMQQ11,Size_02,347886612,DCM,72,Subset 01,Atlantic,MMQQ,5-20µm
72DCM0QQSS11,Size_03,312053812,DCM,72,Subset 01,Atlantic,QQSS,20-180µm
72DCM0SSUU11,Size_04,354762182,DCM,72,Subset 01,Atlantic,SSUU,180-2000µm
72SUR0CCKK11,Size_01,402307796,SUR,72,Subset 01,Atlantic,CCKK,0.22-3µm
72SUR0GGMM11,Size_01,302395550,SUR,72,Subset 01,Atlantic,GGMM,0.8-5µm
72SUR0GGZZ11,Size_All,308491300,SUR,72,Subset 02,Atlantic,GGZZ,0.8-2000µm
72SUR0QQSS11,Size_03,298442050,SUR,72,Subset 01,Atlantic,QQSS,20-180µm
72SUR0SSUU11,Size_04,353222738,SUR,72,Subset 01,Atlantic,SSUU,180-2000µm
76DCM0CCKK11,Size_01,388962088,DCM,76,Subset 01,Atlantic,CCKK,0.22-3µm
76DCM1GGMM11,Size_01,333390708,DCM,76,Subset 01,Atlantic,GGMM,0.8-5µm
76DCM1GGZZ11,Size_All,272608780,DCM,76,Subset 02,Atlantic,GGZZ,0.8-2000µm
76DCM1MMQQ11,Size_02,343406710,DCM,76,Subset 01,Atlantic,MMQQ,5-20µm
76DCM1QQSS11,Size_03,384079762,DCM,76,Subset 01,Atlantic,QQSS,20-180µm
76DCM1SSUU11,Size_04,327071080,DCM,76,Subset 01,Atlantic,SSUU,180-2000µm
76SUR0CCKK11,Size_01,423080708,SUR,76,Subset 01,Atlantic,CCKK,0.22-3µm
76SUR1GGMM11,Size_01,376988048,SUR,76,Subset 01,Atlantic,GGMM,0.8-5µm
76SUR1GGZZ11,Size_All,347792176,SUR,76,Subset 02,Atlantic,GGZZ,0.8-2000µm
76SUR1MMQQ11,Size_02,318924104,SUR,76,Subset 01,Atlantic,MMQQ,5-20µm
76SUR1QQSS11,Size_03,435800886,SUR,76,Subset 01,Atlantic,QQSS,20-180µm
76SUR1SSUU11,Size_04,372016546,SUR,76,Subset 01,Atlantic,SSUU,180-2000µm
78DCM0CCKK11,Size_01,425735726,DCM,78,Subset 01,Atlantic,CCKK,0.22-3µm
78DCM1GGMM11,Size_01,323719850,DCM,78,Subset 01,Atlantic,GGMM,0.8-5µm
78DCM1GGZZ11,Size_All,339687902,DCM,78,Subset 02,Atlantic,GGZZ,0.8-2000µm
78DCM1QQSS11,Size_03,283141680,DCM,78,Subset 01,Atlantic,QQSS,20-180µm
78DCM1SSUU11,Size_04,332083878,DCM,78,Subset 01,Atlantic,SSUU,180-2000µm
78SUR0CCKK11,Size_01,432618656,SUR,78,Subset 01,Atlantic,CCKK,0.22-3µm
78SUR1GGMM11,Size_01,300385918,SUR,78,Subset 01,Atlantic,GGMM,0.8-5µm
78SUR1GGZZ11,Size_All,336252360,SUR,78,Subset 02,Atlantic,GGZZ,0.8-2000µm
78SUR1MMQQ11,Size_02,277392802,SUR,78,Subset 01,Atlantic,MMQQ,5-20µm
78SUR1QQSS11,Size_03,256216492,SUR,78,Subset 01,Atlantic,QQSS,20-180µm
78SUR1SSUU11,Size_04,269952192,SUR,78,Subset 01,Atlantic,SSUU,180-2000µm
7DCM0CCII11,Size_01,155960686,DCM,7,Subset 01,Mediterranean,CCII,0.2-1.6µm
7DCM1GGMM11,Size_01,495768972,DCM,7,Subset 01,Mediterranean,GGMM,0.8-5µm
7DCM1MMQQ11,Size_02,353050826,DCM,7,Subset 01,Mediterranean,MMQQ,5-20µm
7DCM1QQSS11,Size_03,557994308,DCM,7,Subset 01,Mediterranean,QQSS,20-180µm
7DCM1SSUU11,Size_04,554535804,DCM,7,Subset 01,Mediterranean,SSUU,180-2000µm
7SUR0CCII11,Size_01,188526642,SUR,7,Subset 01,Mediterranean,CCII,0.2-1.6µm
7SUR1GGMM11,Size_01,970828704,SUR,7,Subset 01,Mediterranean,GGMM,0.8-5µm
7SUR1QQSS11,Size_03,554366398,SUR,7,Subset 01,Mediterranean,QQSS,20-180µm
7SUR1SSUU11,Size_04,638264326,SUR,7,Subset 01,Mediterranean,SSUU,180-2000µm
80DCM1GGMM11,Size_01,396204688,DCM,80,Subset 01,Atlantic,GGMM,0.8-5µm
80DCM1MMQQ11,Size_02,396824012,DCM,80,Subset 01,Atlantic,MMQQ,5-20µm
80DCM1QQSS11,Size_03,428410008,DCM,80,Subset 01,Atlantic,QQSS,20-180µm
80DCM1SSUU11,Size_04,391310826,DCM,80,Subset 01,Atlantic,SSUU,180-2000µm
80SUR0GGZZ11,Size_All,379924492,SUR,80,Subset 02,Atlantic,GGZZ,0.8-2000µm
80SUR1GGMM11,Size_01,371940498,SUR,80,Subset 01,Atlantic,GGMM,0.8-5µm
80SUR1QQSS11,Size_03,359041526,SUR,80,Subset 01,Atlantic,QQSS,20-180µm
80SUR1SSUU11,Size_04,453301376,SUR,80,Subset 01,Atlantic,SSUU,180-2000µm
81DCM01SSUU11,Size_04,398947654,DCM,81,Subset 01,Atlantic,SSUU,180-2000µm
81DCM1GGMM11,Size_01,316030528,DCM,81,Subset 01,Atlantic,GGMM,0.8-5µm
81DCM1MMQQ11,Size_02,411493386,DCM,81,Subset 01,Atlantic,MMQQ,5-20µm
81DCM1QQSS11,Size_03,381381020,DCM,81,Subset 01,Atlantic,QQSS,20-180µm
81SUR01SSUU11,Size_04,334256346,SUR,81,Subset 01,Atlantic,SSUU,180-2000µm
81SUR1GGMM11,Size_01,342170934,SUR,81,Subset 01,Atlantic,GGMM,0.8-5µm
81SUR1MMQQ11,Size_02,333655336,SUR,81,Subset 01,Atlantic,MMQQ,5-20µm
81SUR1QQSS11,Size_03,281751174,SUR,81,Subset 01,Atlantic,QQSS,20-180µm
82DCM0CCKK11,Size_01,418665212,DCM,82,Subset 01,Atlantic,CCKK,0.22-3µm
82DCM0GGZZ11,Size_All,295771776,DCM,82,Subset 02,Atlantic,GGZZ,0.8-2000µm
82DCM0SSUU11,Size_04,299532542,DCM,82,Subset 01,Atlantic,SSUU,180-2000µm
82SUR0CCKK11,Size_01,256696428,SUR,82,Subset 01,Atlantic,CCKK,0.22-3µm
82SUR0GGMM11,Size_01,387095922,SUR,82,Subset 01,Atlantic,GGMM,0.8-5µm
82SUR0GGZZ11,Size_All,280980166,SUR,82,Subset 02,Atlantic,GGZZ,0.8-2000µm
82SUR0QQSS11,Size_03,284101712,SUR,82,Subset 01,Atlantic,QQSS,20-180µm
82SUR0SSUU11,Size_04,307122290,SUR,82,Subset 01,Atlantic,SSUU,180-2000µm
83SUR01QQRR11,Size_03,376330304,SUR,83,Subset 01,Atlantic,QQRR,20-200µm
83SUR0SSUU11,Size_04,359009870,SUR,83,Subset 01,Atlantic,SSUU,180-2000µm
83SUR1GGMM11,Size_01,322290596,SUR,83,Subset 01,Atlantic,GGMM,0.8-5µm
83SUR1GGZZ11,Size_All,362205262,SUR,83,Subset 02,Atlantic,GGZZ,0.8-2000µm
84SUR0CCKK11,Size_01,419905474,SUR,84,Subset 01,Southern,CCKK,0.22-3µm
84SUR0GGMM11,Size_01,284615656,SUR,84,Subset 01,Southern,GGMM,0.8-5µm
84SUR0GGZZ11,Size_All,324488700,SUR,84,Subset 02,Southern,GGZZ,0.8-2000µm
84SUR0QQSS11,Size_03,269465470,SUR,84,Subset 01,Southern,QQSS,20-180µm
84SUR0SSUU11,Size_04,282237182,SUR,84,Subset 01,Southern,SSUU,180-2000µm
85DCM0CCKK11,Size_01,402584590,DCM,85,Subset 01,Southern,CCKK,0.22-3µm
85DCM0GGMM11,Size_01,325070510,DCM,85,Subset 01,Southern,GGMM,0.8-5µm
85DCM0GGZZ11,Size_All,332382130,DCM,85,Subset 02,Southern,GGZZ,0.8-2000µm
85DCM0SSUU11,Size_04,335173378,DCM,85,Subset 01,Southern,SSUU,180-2000µm
85DCM1QQSS11,Size_03,265843692,DCM,85,Subset 01,Southern,QQSS,20-180µm
85SUR0CCKK11,Size_01,380925836,SUR,85,Subset 01,Southern,CCKK,0.22-3µm
85SUR0GGMM11,Size_01,252381186,SUR,85,Subset 01,Southern,GGMM,0.8-5µm
85SUR0GGZZ11,Size_All,292155070,SUR,85,Subset 02,Southern,GGZZ,0.8-2000µm
85SUR1QQSS11,Size_03,271177846,SUR,85,Subset 01,Southern,QQSS,20-180µm
86DCM1GGMM11,Size_01,414521962,DCM,86,Subset 01,Southern,GGMM,0.8-5µm
86DCM1GGZZ11,Size_All,380740372,DCM,86,Subset 02,Southern,GGZZ,0.8-2000µm
86DCM1SSUU11,Size_04,405546638,DCM,86,Subset 01,Southern,SSUU,180-2000µm
86SUR1GGMM11,Size_01,372014654,SUR,86,Subset 01,Southern,GGMM,0.8-5µm
86SUR1GGZZ11,Size_All,266557732,SUR,86,Subset 02,Southern,GGZZ,0.8-2000µm
86SUR1MMQQ11,Size_02,355663412,SUR,86,Subset 01,Southern,MMQQ,5-20µm
86SUR1QQSS11,Size_03,346605176,SUR,86,Subset 01,Southern,QQSS,20-180µm
86SUR1SSUU11,Size_04,360300686,SUR,86,Subset 01,Southern,SSUU,180-2000µm
87SUR01QQRR11,Size_03,370639722,SUR,87,Subset 01,Southern,QQRR,20-200µm
87SUR1GGMM11,Size_01,282551818,SUR,87,Subset 01,Southern,GGMM,0.8-5µm
87SUR1GGZZ11,Size_All,348587924,SUR,87,Subset 02,Southern,GGZZ,0.8-2000µm
87SUR1MMQQ11,Size_02,290639842,SUR,87,Subset 01,Southern,MMQQ,5-20µm
87SUR1SSUU11,Size_04,351701068,SUR,87,Subset 01,Southern,SSUU,180-2000µm
88SUR1GGMM11,Size_01,317520294,SUR,88,Subset 01,Southern,GGMM,0.8-5µm
88SUR1GGZZ11,Size_All,309618674,SUR,88,Subset 02,Southern,GGZZ,0.8-2000µm
88SUR1QQSS11,Size_03,390738364,SUR,88,Subset 01,Southern,QQSS,20-180µm
88SUR1SSUU11,Size_04,358770732,SUR,88,Subset 01,Southern,SSUU,180-2000µm
89SUR1GGMM11,Size_01,363012736,SUR,89,Subset 01,Atlantic,GGMM,0.8-5µm
89SUR1GGZZ11,Size_All,362842960,SUR,89,Subset 02,Atlantic,GGZZ,0.8-2000µm
89SUR1QQSS11,Size_03,354745986,SUR,89,Subset 01,Atlantic,QQSS,20-180µm
89SUR1SSUU11,Size_04,398667878,SUR,89,Subset 01,Atlantic,SSUU,180-2000µm
8DCM1GGMM11,Size_01,366302148,DCM,8,Subset 01,Mediterranean,GGMM,0.8-5µm
8DCM1QQSS11,Size_03,341282566,DCM,8,Subset 01,Mediterranean,QQSS,20-180µm
8DCM1SSUU11,Size_04,320522378,DCM,8,Subset 01,Mediterranean,SSUU,180-2000µm
8SUR1GGMM11,Size_01,315381820,SUR,8,Subset 01,Mediterranean,GGMM,0.8-5µm
8SUR1MMQQ11,Size_02,400709904,SUR,8,Subset 01,Mediterranean,MMQQ,5-20µm
8SUR1QQSS11,Size_03,378547262,SUR,8,Subset 01,Mediterranean,QQSS,20-180µm
8SUR1SSUU11,Size_04,378591580,SUR,8,Subset 01,Mediterranean,SSUU,180-2000µm
90SUR1GGMM11,Size_01,450601792,SUR,90,Subset 01,Pacific,GGMM,0.8-5µm
90SUR1MMQQ11,Size_02,487816470,SUR,90,Subset 01,Pacific,MMQQ,5-20µm
90SUR1QQSS11,Size_03,529842594,SUR,90,Subset 01,Pacific,QQSS,20-180µm
90SUR1SSUU11,Size_04,471895068,SUR,90,Subset 01,Pacific,SSUU,180-2000µm
91SUR1GGMM11,Size_01,409899594,SUR,91,Subset 01,Pacific,GGMM,0.8-5µm
91SUR1MMQQ11,Size_02,321038058,SUR,91,Subset 01,Pacific,MMQQ,5-20µm
91SUR1QQSS11,Size_03,257691696,SUR,91,Subset 01,Pacific,QQSS,20-180µm
92SUR1GGMM11,Size_01,440297562,SUR,92,Subset 01,Pacific,GGMM,0.8-5µm
92SUR1GGZZ11,Size_All,334265362,SUR,92,Subset 02,Pacific,GGZZ,0.8-2000µm
92SUR1MMQQ11,Size_02,424210740,SUR,92,Subset 01,Pacific,MMQQ,5-20µm
92SUR1QQSS11,Size_03,453506714,SUR,92,Subset 01,Pacific,QQSS,20-180µm
92SUR1SSUU11,Size_04,361032976,SUR,92,Subset 01,Pacific,SSUU,180-2000µm
93DCM01QQRR11,Size_03,397943050,DCM,93,Subset 01,Pacific,QQRR,20-200µm
93DCM0CCKK11,Size_01,322587502,DCM,93,Subset 01,Pacific,CCKK,0.22-3µm
93DCM1GGMM11,Size_01,429566788,DCM,93,Subset 01,Pacific,GGMM,0.8-5µm
93DCM1SSUU11,Size_04,290618504,DCM,93,Subset 01,Pacific,SSUU,180-2000µm
93SUR01GGZZ11,Size_All,419785900,SUR,93,Subset 02,Pacific,GGZZ,0.8-2000µm
93SUR0CCKK11,Size_01,270063032,SUR,93,Subset 01,Pacific,CCKK,0.22-3µm
93SUR1GGMM11,Size_01,403781822,SUR,93,Subset 01,Pacific,GGMM,0.8-5µm
93SUR1GGZZ11,Size_All,353101760,SUR,93,Subset 02,Pacific,GGZZ,0.8-2000µm
93SUR1MMQQ11,Size_02,360596630,SUR,93,Subset 01,Pacific,MMQQ,5-20µm
93SUR1SSUU11,Size_04,413586828,SUR,93,Subset 01,Pacific,SSUU,180-2000µm
93SUR2QQSS11,Size_03,367698368,SUR,93,Subset 01,Pacific,QQSS,20-180µm
94SUR0CCKK11,Size_01,447242190,SUR,94,Subset 01,Pacific,CCKK,0.22-3µm
94SUR1GGMM11,Size_01,277370068,SUR,94,Subset 01,Pacific,GGMM,0.8-5µm
94SUR1GGZZ11,Size_All,299066172,SUR,94,Subset 02,Pacific,GGZZ,0.8-2000µm
94SUR1MMQQ11,Size_02,309137548,SUR,94,Subset 01,Pacific,MMQQ,5-20µm
94SUR1QQSS11,Size_03,242964036,SUR,94,Subset 01,Pacific,QQSS,20-180µm
94SUR1SSUU11,Size_04,356759450,SUR,94,Subset 01,Pacific,SSUU,180-2000µm
95SUR1GGMM11,Size_01,409936320,SUR,95,Subset 01,Pacific,GGMM,0.8-5µm
95SUR1GGZZ11,Size_All,281034084,SUR,95,Subset 02,Pacific,GGZZ,0.8-2000µm
95SUR1MMQQ11,Size_02,373252452,SUR,95,Subset 01,Pacific,MMQQ,5-20µm
95SUR1QQSS11,Size_03,351408058,SUR,95,Subset 01,Pacific,QQSS,20-180µm
95SUR1SSUU11,Size_04,280943972,SUR,95,Subset 01,Pacific,SSUU,180-2000µm
96DCM1GGMM11,Size_01,382570016,DCM,96,Subset 01,Pacific,GGMM,0.8-5µm
96DCM1GGZZ11,Size_All,309743512,DCM,96,Subset 02,Pacific,GGZZ,0.8-2000µm
96DCM1SSUU11,Size_04,348308722,DCM,96,Subset 01,Pacific,SSUU,180-2000µm
96DCM2MMQQ11,Size_02,291494202,DCM,96,Subset 01,Pacific,MMQQ,5-20µm
96SUR0CCKK11,Size_01,365413504,SUR,96,Subset 01,Pacific,CCKK,0.22-3µm
96SUR1GGMM11,Size_01,373864534,SUR,96,Subset 01,Pacific,GGMM,0.8-5µm
96SUR1GGZZ11,Size_All,353386924,SUR,96,Subset 02,Pacific,GGZZ,0.8-2000µm
96SUR1MMQQ11,Size_02,401259786,SUR,96,Subset 01,Pacific,MMQQ,5-20µm
96SUR1QQSS11,Size_03,340958350,SUR,96,Subset 01,Pacific,QQSS,20-180µm
96SUR1SSUU11,Size_04,359449426,SUR,96,Subset 01,Pacific,SSUU,180-2000µm
97DCM1GGZZ11,Size_All,363805874,DCM,97,Subset 02,Pacific,GGZZ,0.8-2000µm
97DCM1SSUU11,Size_04,349671766,DCM,97,Subset 01,Pacific,SSUU,180-2000µm
97DCM2GGMM11,Size_01,276181408,DCM,97,Subset 01,Pacific,GGMM,0.8-5µm
97SUR1GGMM11,Size_01,374871396,SUR,97,Subset 01,Pacific,GGMM,0.8-5µm
97SUR1GGZZ11,Size_All,414661638,SUR,97,Subset 02,Pacific,GGZZ,0.8-2000µm
97SUR1QQSS11,Size_03,352208076,SUR,97,Subset 01,Pacific,QQSS,20-180µm
97SUR1SSUU11,Size_04,402067158,SUR,97,Subset 01,Pacific,SSUU,180-2000µm
98DCM0CCKK11,Size_01,245047642,DCM,98,Subset 01,Pacific,CCKK,0.22-3µm
98DCM1QQSS11,Size_03,314763856,DCM,98,Subset 01,Pacific,QQSS,20-180µm
98DCM1SSUU11,Size_04,300369170,DCM,98,Subset 01,Pacific,SSUU,180-2000µm
98SUR0CCKK11,Size_01,243846474,SUR,98,Subset 01,Pacific,CCKK,0.22-3µm
98SUR1GGMM11,Size_01,333559304,SUR,98,Subset 01,Pacific,GGMM,0.8-5µm
98SUR1MMQQ11,Size_02,326687354,SUR,98,Subset 01,Pacific,MMQQ,5-20µm
98SUR1QQSS11,Size_03,352651994,SUR,98,Subset 01,Pacific,QQSS,20-180µm
98SUR1SSUU11,Size_04,383432150,SUR,98,Subset 01,Pacific,SSUU,180-2000µm
99SUR0CCKK11,Size_01,325216000,SUR,99,Subset 01,Pacific,CCKK,0.22-3µm
99SUR1GGMM11,Size_01,304831264,SUR,99,Subset 01,Pacific,GGMM,0.8-5µm
99SUR1GGZZ11,Size_All,306644606,SUR,99,Subset 02,Pacific,GGZZ,0.8-2000µm
99SUR1MMQQ11,Size_02,261575298,SUR,99,Subset 01,Pacific,MMQQ,5-20µm
99SUR1QQSS11,Size_03,279704718,SUR,99,Subset 01,Pacific,QQSS,20-180µm
99SUR1SSUU11,Size_04,278034022,SUR,99,Subset 01,Pacific,SSUU,180-2000µm
9DCM0CCII11,Size_01,398299904,DCM,9,Outlier,Mediterranean,CCII,0.2-1.6µm
9DCM1GGMM11,Size_01,298198124,DCM,9,Outlier,Mediterranean,GGMM,0.8-5µm
9DCM1SSUU11,Size_04,351069196,DCM,9,Outlier,Mediterranean,SSUU,180-2000µm
9SUR0CCII11,Size_01,464335254,SUR,9,Outlier,Mediterranean,CCII,0.2-1.6µm
9SUR1GGMM11,Size_01,328553102,SUR,9,Outlier,Mediterranean,GGMM,0.8-5µm
9SUR1SSUU11,Size_04,332470438,SUR,9,Outlier,Mediterranean,SSUU,180-2000µm