	index	Contig	Position	Modification	Strand	Modified_bases	Unmodified_bases	Other_mod_base	Modification_below_threshold	Other_bases	Total_coverage	Percent_modified	SNP_Position	SNP_Position_Strand	RefBase	Sequence	site_strand	motif	motif_raw
0	9908	tricho_phage_NPSG.2	15314	6mA	-	2	0	0	0	1	3	0.67	tricho_phage_NPSG.2:15314	tricho_phage_NPSG.2:15314--	T	TCTAGACCTAGATCGAGTCTCTGC	tricho_phage_NPSG.2:15314-	GATC	1-NDBGATCVHN
1	10161	tricho_phage_NPSG.2	15485	6mA	-	3	0	0	0	0	3	1.0	tricho_phage_NPSG.2:15485	tricho_phage_NPSG.2:15485--	T	AAACAAACCAGATCCATACAATCC	tricho_phage_NPSG.2:15485-	GATC	1-NDBGATCVHN
2	10265	tricho_phage_NPSG.2	15558	6mA	-	2	1	0	0	0	3	0.67	tricho_phage_NPSG.2:15558	tricho_phage_NPSG.2:15558--	T	ATAATATCATGATCAGGGGCTCCT	tricho_phage_NPSG.2:15558-	GATC	1-NDBGATCVHN
3	11797	tricho_phage_NPSG.2	16646	6mA	+	2	1	0	0	0	3	0.67	tricho_phage_NPSG.2:16646	tricho_phage_NPSG.2:16646-+	A	TATTATGAAGCGATCGCCATTTTC	tricho_phage_NPSG.2:16646+	GATC	1-NDBGATCVHN
4	24025	tricho_phage_NPSG.2	31566	6mA	-	3	1	0	0	0	4	0.75	tricho_phage_NPSG.2:31566	tricho_phage_NPSG.2:31566--	T	TGTAACAACTAATCCAGAATCAGG	tricho_phage_NPSG.2:31566-		
5	24138	tricho_phage_NPSG.2	31759	6mA	-	2	0	0	1	0	3	0.67	tricho_phage_NPSG.2:31759	tricho_phage_NPSG.2:31759--	T	AACTTTACCCGATCTTTATTTCTA	tricho_phage_NPSG.2:31759-	GATC	1-NDBGATCVHN
6	25028	tricho_phage_NPSG.2	33080	6mA	-	2	1	0	0	0	3	0.67	tricho_phage_NPSG.2:33080	tricho_phage_NPSG.2:33080--	T	TGTCCCTTTGACTGGAGAGTCTAG	tricho_phage_NPSG.2:33080-		
7	25182	tricho_phage_NPSG.2	33270	6mA	-	2	1	0	0	0	3	0.67	tricho_phage_NPSG.2:33270	tricho_phage_NPSG.2:33270--	T	TTTAAGACTTGATCAGTTGTCCGG	tricho_phage_NPSG.2:33270-	GATC	1-NDBGATCVHN
8	25307	tricho_phage_NPSG.2	33363	6mA	-	4	1	0	0	0	5	0.8	tricho_phage_NPSG.2:33363	tricho_phage_NPSG.2:33363--	T	AAAAGCGCGCGATCGATTATTAGG	tricho_phage_NPSG.2:33363-	GATC	1-NDBGATCVHN
9	25588	tricho_phage_NPSG.2	33588	6mA	-	2	1	0	0	0	3	0.67	tricho_phage_NPSG.2:33588	tricho_phage_NPSG.2:33588--	T	TTAAAGAGCTTCTGGGTTGATTTG	tricho_phage_NPSG.2:33588-		
10	25616	tricho_phage_NPSG.2	33612	6mA	-	2	0	0	1	0	3	0.67	tricho_phage_NPSG.2:33612	tricho_phage_NPSG.2:33612--	T	GAGAGTTAGCGATCGTGAGTATGT	tricho_phage_NPSG.2:33612-	GATC	1-NDBGATCVHN
11	26619	tricho_phage_NPSG.2	34918	6mA	-	3	0	0	0	0	3	1.0	tricho_phage_NPSG.2:34918	tricho_phage_NPSG.2:34918--	T	CCTTTCCTGCGATCGCCAGTCTGT	tricho_phage_NPSG.2:34918-	GATC	1-NDBGATCVHN
12	26694	tricho_phage_NPSG.2	34996	6mA	-	2	1	0	0	0	3	0.67	tricho_phage_NPSG.2:34996	tricho_phage_NPSG.2:34996--	T	GATTCAGGAAGATCAAAGGTATGG	tricho_phage_NPSG.2:34996-	GATC	1-NDBGATCVHN
13	26702	tricho_phage_NPSG.2	35005	6mA	-	3	0	0	0	0	3	1.0	tricho_phage_NPSG.2:35005	tricho_phage_NPSG.2:35005--	T	AGATCAAAGGTATGGCCATTATTT	tricho_phage_NPSG.2:35005-		
14	27202	tricho_phage_NPSG.2	35368	6mA	-	2	1	0	0	0	3	0.67	tricho_phage_NPSG.2:35368	tricho_phage_NPSG.2:35368--	T	ATAAAAGCATGCTGATATATACGG	tricho_phage_NPSG.2:35368-		
15	27648	tricho_phage_NPSG.2	35692	6mA	-	2	1	0	0	0	3	0.67	tricho_phage_NPSG.2:35692	tricho_phage_NPSG.2:35692--	T	TTGATTCCTACTTCAACTAAGGGG	tricho_phage_NPSG.2:35692-		
16	27945	tricho_phage_NPSG.2	35897	6mA	+	2	0	0	1	0	3	0.67	tricho_phage_NPSG.2:35897	tricho_phage_NPSG.2:35897-+	A	AACTTTTTTTGGATCTACTGAGAC	tricho_phage_NPSG.2:35897+	GATC	1-NDBGATCVHN
17	28072	tricho_phage_NPSG.2	35982	6mA	+	2	1	0	0	0	3	0.67	tricho_phage_NPSG.2:35982	tricho_phage_NPSG.2:35982-+	A	CTTGTTTTTTGGATCAACCAAGAT	tricho_phage_NPSG.2:35982+	GATC	1-NDBGATCVHN
18	28073	tricho_phage_NPSG.2	35983	6mA	-	3	0	0	0	0	3	1.0	tricho_phage_NPSG.2:35983	tricho_phage_NPSG.2:35983--	T	TTGTTTTTTGGATCAACCAAGATG	tricho_phage_NPSG.2:35983-	GATC	1-NDBGATCVHN
19	28400	tricho_phage_NPSG.2	36222	6mA	+	2	0	0	1	0	3	0.67	tricho_phage_NPSG.2:36222	tricho_phage_NPSG.2:36222-+	A	ATCAACTAAGCGATCGCGAATTCC	tricho_phage_NPSG.2:36222+	GATC	1-NDBGATCVHN
20	28401	tricho_phage_NPSG.2	36223	6mA	-	3	1	0	0	0	4	0.75	tricho_phage_NPSG.2:36223	tricho_phage_NPSG.2:36223--	T	TCAACTAAGCGATCGCGAATTCCA	tricho_phage_NPSG.2:36223-	GATC	1-NDBGATCVHN
21	28411	tricho_phage_NPSG.2	36229	6mA	+	3	0	0	0	0	3	1.0	tricho_phage_NPSG.2:36229	tricho_phage_NPSG.2:36229-+	A	AAGCGATCGCGAATTCCAAATCAA	tricho_phage_NPSG.2:36229+		
22	28823	tricho_phage_NPSG.2	36499	6mA	-	3	1	0	0	0	4	0.75	tricho_phage_NPSG.2:36499	tricho_phage_NPSG.2:36499--	T	AAAATGTTTAACTGGTCTCACTAT	tricho_phage_NPSG.2:36499-		
23	29069	tricho_phage_NPSG.2	36658	6mA	-	3	1	0	0	0	4	0.75	tricho_phage_NPSG.2:36658	tricho_phage_NPSG.2:36658--	T	ACAGGATACCGATGGGCCAGAATC	tricho_phage_NPSG.2:36658-		
24	29235	tricho_phage_NPSG.2	36774	6mA	-	3	0	0	0	1	4	0.75	tricho_phage_NPSG.2:36774	tricho_phage_NPSG.2:36774--	T	AGATTATTTGAATGGTCATATAGA	tricho_phage_NPSG.2:36774-		
25	29296	tricho_phage_NPSG.2	36812	6mA	-	3	0	0	0	0	3	1.0	tricho_phage_NPSG.2:36812	tricho_phage_NPSG.2:36812--	T	AGTCTCATAGGATCCTAAGTGGAG	tricho_phage_NPSG.2:36812-	GATC	1-NDBGATCVHN
26	29308	tricho_phage_NPSG.2	36819	6mA	-	2	1	0	0	0	3	0.67	tricho_phage_NPSG.2:36819	tricho_phage_NPSG.2:36819--	T	TAGGATCCTAAGTGGAGTTTTATC	tricho_phage_NPSG.2:36819-		
27	29667	tricho_phage_NPSG.2	37059	6mA	-	4	0	0	0	0	4	1.0	tricho_phage_NPSG.2:37059	tricho_phage_NPSG.2:37059--	T	TGGTGATGTTGATCCAAATTCTTC	tricho_phage_NPSG.2:37059-	GATC	1-NDBGATCVHN
28	29718	tricho_phage_NPSG.2	37095	6mA	-	3	1	0	0	0	4	0.75	tricho_phage_NPSG.2:37095	tricho_phage_NPSG.2:37095--	T	TCAAGAGGAAGATCCAAAAGTTAA	tricho_phage_NPSG.2:37095-	GATC	1-NDBGATCVHN
29	29773	tricho_phage_NPSG.2	37132	6mA	-	3	1	0	0	0	4	0.75	tricho_phage_NPSG.2:37132	tricho_phage_NPSG.2:37132--	T	ATAGAAAATAGATCTAGTACAAGC	tricho_phage_NPSG.2:37132-	GATC	1-NDBGATCVHN
30	30718	tricho_phage_NPSG.2	37791	6mA	-	4	0	0	0	0	4	1.0	tricho_phage_NPSG.2:37791	tricho_phage_NPSG.2:37791--	T	AGACAACATTGATCGCCTCACATT	tricho_phage_NPSG.2:37791-	GATC	1-NDBGATCVHN
31	30753	tricho_phage_NPSG.2	37815	6mA	-	4	0	0	0	0	4	1.0	tricho_phage_NPSG.2:37815	tricho_phage_NPSG.2:37815--	T	AAACGAAGCGGATCAGAATTTGCT	tricho_phage_NPSG.2:37815-	GATC	1-NDBGATCVHN
32	31119	tricho_phage_NPSG.2	38073	6mA	-	4	0	0	0	0	4	1.0	tricho_phage_NPSG.2:38073	tricho_phage_NPSG.2:38073--	T	CAGTGTATTAGATCCTGATACTAG	tricho_phage_NPSG.2:38073-	GATC	1-NDBGATCVHN
33	31405	tricho_phage_NPSG.2	38268	6mA	-	4	0	0	0	0	4	1.0	tricho_phage_NPSG.2:38268	tricho_phage_NPSG.2:38268--	T	TTTGGAGAGCGATCGCTAATTTGT	tricho_phage_NPSG.2:38268-	GATC	1-NDBGATCVHN
34	31682	tricho_phage_NPSG.2	38476	6mA	-	4	1	0	0	0	5	0.8	tricho_phage_NPSG.2:38476	tricho_phage_NPSG.2:38476--	T	TTTTAGTTAATCTTCGGTCTGGGC	tricho_phage_NPSG.2:38476-		
35	31691	tricho_phage_NPSG.2	38483	6mA	-	4	1	0	0	0	5	0.8	tricho_phage_NPSG.2:38483	tricho_phage_NPSG.2:38483--	T	TAATCTTCGGTCTGGGCTTAAGTA	tricho_phage_NPSG.2:38483-		
36	32174	tricho_phage_NPSG.2	38818	6mA	-	4	0	0	0	0	4	1.0	tricho_phage_NPSG.2:38818	tricho_phage_NPSG.2:38818--	T	AAGTCCTCTTGATCAAAGATTATT	tricho_phage_NPSG.2:38818-	GATC	1-NDBGATCVHN
37	32336	tricho_phage_NPSG.2	38937	6mA	-	2	1	0	0	0	3	0.67	tricho_phage_NPSG.2:38937	tricho_phage_NPSG.2:38937--	T	AATAGCTACTAGTGGTCCTAAGTT	tricho_phage_NPSG.2:38937-		
38	32637	tricho_phage_NPSG.2	39153	6mA	-	2	1	0	0	0	3	0.67	tricho_phage_NPSG.2:39153	tricho_phage_NPSG.2:39153--	T	TACTGGAAAAAGTGGCCCAATACA	tricho_phage_NPSG.2:39153-		
39	32722	tricho_phage_NPSG.2	39216	6mA	-	2	1	0	0	0	3	0.67	tricho_phage_NPSG.2:39216	tricho_phage_NPSG.2:39216--	T	CGACATGAATAGTGGATCCTTTTT	tricho_phage_NPSG.2:39216-		
40	32728	tricho_phage_NPSG.2	39220	6mA	-	3	0	0	0	0	3	1.0	tricho_phage_NPSG.2:39220	tricho_phage_NPSG.2:39220--	T	ATGAATAGTGGATCCTTTTTGTTT	tricho_phage_NPSG.2:39220-	GATC	1-NDBGATCVHN
41	32835	tricho_phage_NPSG.2	39296	6mA	-	3	0	0	0	0	3	1.0	tricho_phage_NPSG.2:39296	tricho_phage_NPSG.2:39296--	T	CGGTCATAATGATCCAATGGTCTG	tricho_phage_NPSG.2:39296-	GATC	1-NDBGATCVHN
42	33041	tricho_phage_NPSG.2	39459	6mA	-	3	0	0	0	0	3	1.0	tricho_phage_NPSG.2:39459	tricho_phage_NPSG.2:39459--	T	ATGAATCAGCGATCGCAACCTATA	tricho_phage_NPSG.2:39459-	GATC	1-NDBGATCVHN
43	33146	tricho_phage_NPSG.2	39535	6mA	-	3	0	0	0	0	3	1.0	tricho_phage_NPSG.2:39535	tricho_phage_NPSG.2:39535--	T	AAGATGAGATGATCAGAGCATTGA	tricho_phage_NPSG.2:39535-	GATC	1-NDBGATCVHN
44	33243	tricho_phage_NPSG.2	39602	6mA	-	2	0	0	1	0	3	0.67	tricho_phage_NPSG.2:39602	tricho_phage_NPSG.2:39602--	T	AGGCTCTATGGATCCTTTTAAATC	tricho_phage_NPSG.2:39602-	GATC	1-NDBGATCVHN
45	33303	tricho_phage_NPSG.2	39649	6mA	-	2	1	0	0	0	3	0.67	tricho_phage_NPSG.2:39649	tricho_phage_NPSG.2:39649--	T	CTTTTCAAGAAATGGGGTGCGTGT	tricho_phage_NPSG.2:39649-		
46	33396	tricho_phage_NPSG.2	39718	6mA	-	2	1	0	0	0	3	0.67	tricho_phage_NPSG.2:39718	tricho_phage_NPSG.2:39718--	T	TATTTATTAAAATGGAGCCAAACG	tricho_phage_NPSG.2:39718-		
47	33437	tricho_phage_NPSG.2	39747	6mA	-	2	1	0	0	0	3	0.67	tricho_phage_NPSG.2:39747	tricho_phage_NPSG.2:39747--	T	ATAGATACTAGCTGGGAGTTAAAG	tricho_phage_NPSG.2:39747-		
48	33574	tricho_phage_NPSG.2	39847	6mA	-	2	1	0	0	0	3	0.67	tricho_phage_NPSG.2:39847	tricho_phage_NPSG.2:39847--	T	GCGAAAGGTTGCTGGATACTATTT	tricho_phage_NPSG.2:39847-		
49	33869	tricho_phage_NPSG.2	40063	6mA	-	4	0	0	0	0	4	1.0	tricho_phage_NPSG.2:40063	tricho_phage_NPSG.2:40063--	T	ATTAGAAAAACATGGGCACAGCCT	tricho_phage_NPSG.2:40063-		
50	34424	tricho_phage_NPSG.2	40444	6mA	-	3	1	0	0	0	4	0.75	tricho_phage_NPSG.2:40444	tricho_phage_NPSG.2:40444--	T	CCTGAATATTGGTGGGAATATAAA	tricho_phage_NPSG.2:40444-		
51	34490	tricho_phage_NPSG.2	40488	6mA	-	4	0	0	0	0	4	1.0	tricho_phage_NPSG.2:40488	tricho_phage_NPSG.2:40488--	T	AGCTTATTTGGATCCTGATAGAGG	tricho_phage_NPSG.2:40488-	GATC	1-NDBGATCVHN
52	34565	tricho_phage_NPSG.2	40549	6mA	-	3	1	0	0	0	4	0.75	tricho_phage_NPSG.2:40549	tricho_phage_NPSG.2:40549--	T	AGCCCGTCAAAATGGGGCATTAGT	tricho_phage_NPSG.2:40549-		
53	34586	tricho_phage_NPSG.2	40560	6mA	-	3	1	0	0	0	4	0.75	tricho_phage_NPSG.2:40560	tricho_phage_NPSG.2:40560--	T	ATGGGGCATTAGTGGGCAAGTAAT	tricho_phage_NPSG.2:40560-		
54	34640	tricho_phage_NPSG.2	40599	6mA	-	4	0	0	0	0	4	1.0	tricho_phage_NPSG.2:40599	tricho_phage_NPSG.2:40599--	T	TTTGCTGAGTGATCCATTATTTGC	tricho_phage_NPSG.2:40599-	GATC	1-NDBGATCVHN
55	34747	tricho_phage_NPSG.2	40676	6mA	-	3	1	0	0	0	4	0.75	tricho_phage_NPSG.2:40676	tricho_phage_NPSG.2:40676--	T	CTAGGATTGAAATGGAGGAAATAG	tricho_phage_NPSG.2:40676-		
56	34908	tricho_phage_NPSG.2	40801	6mA	-	4	0	0	0	0	4	1.0	tricho_phage_NPSG.2:40801	tricho_phage_NPSG.2:40801--	T	CAAAGTTAGCGATCGCGAACTTCA	tricho_phage_NPSG.2:40801-	GATC	1-NDBGATCVHN
57	36017	tricho_phage_NPSG.2	41630	6mA	-	5	2	0	0	0	7	0.71	tricho_phage_NPSG.2:41630	tricho_phage_NPSG.2:41630--	T	TACTTCTGTAGCTGCACAATTGTA	tricho_phage_NPSG.2:41630-		
58	36154	tricho_phage_NPSG.2	41730	6mA	-	6	1	0	0	0	7	0.86	tricho_phage_NPSG.2:41730	tricho_phage_NPSG.2:41730--	T	TTTACAATTATGTGGCCTTTATTA	tricho_phage_NPSG.2:41730-		
59	36245	tricho_phage_NPSG.2	41799	6mA	-	7	0	0	0	0	7	1.0	tricho_phage_NPSG.2:41799	tricho_phage_NPSG.2:41799--	T	AAATATTTAGGATCTATTGGTTTA	tricho_phage_NPSG.2:41799-	GATC	1-NDBGATCVHN
60	36375	tricho_phage_NPSG.2	41893	6mA	-	5	1	0	0	0	6	0.83	tricho_phage_NPSG.2:41893	tricho_phage_NPSG.2:41893--	T	TATAAGTAGCGATCGCGTAGCTAA	tricho_phage_NPSG.2:41893-	GATC	1-NDBGATCVHN
61	37089	tricho_phage_NPSG.2	42389	6mA	-	2	0	0	0	1	3	0.67	tricho_phage_NPSG.2:42389	tricho_phage_NPSG.2:42389--	T	AACATTTTTTAATTGGCCATTACT	tricho_phage_NPSG.2:42389-		
62	37128	tricho_phage_NPSG.2	42411	6mA	-	2	1	0	0	0	3	0.67	tricho_phage_NPSG.2:42411	tricho_phage_NPSG.2:42411--	T	CTAAGCTAGCGATCGCGCGGAGAG	tricho_phage_NPSG.2:42411-	GATC	1-NDBGATCVHN
63	37373	tricho_phage_NPSG.2	42597	6mA	-	2	1	0	0	0	3	0.67	tricho_phage_NPSG.2:42597	tricho_phage_NPSG.2:42597--	T	AGCTTTAGTTTCTTCTGATTTTTC	tricho_phage_NPSG.2:42597-		
64	38120	tricho_phage_NPSG.2	43091	6mA	-	3	1	0	0	0	4	0.75	tricho_phage_NPSG.2:43091	tricho_phage_NPSG.2:43091--	T	GCCACGTTTAGATCATTTAACATT	tricho_phage_NPSG.2:43091-	GATC	1-NDBGATCVHN
65	38590	tricho_phage_NPSG.2	43433	6mA	-	4	1	0	0	0	5	0.8	tricho_phage_NPSG.2:43433	tricho_phage_NPSG.2:43433--	T	TCAATCATGGGATCATCTGGAGTC	tricho_phage_NPSG.2:43433-	GATC	1-NDBGATCVHN
66	38745	tricho_phage_NPSG.2	43541	6mA	-	4	1	0	0	0	5	0.8	tricho_phage_NPSG.2:43541	tricho_phage_NPSG.2:43541--	T	ATTAATATGTGATCTGGTTTTATA	tricho_phage_NPSG.2:43541-	GATC	1-NDBGATCVHN
67	39088	tricho_phage_NPSG.2	43783	6mA	-	4	2	0	0	0	6	0.67	tricho_phage_NPSG.2:43783	tricho_phage_NPSG.2:43783--	T	TAAATACTCTTCTGGTCCATAAAG	tricho_phage_NPSG.2:43783-		
68	39188	tricho_phage_NPSG.2	43856	6mA	-	4	2	0	0	0	6	0.67	tricho_phage_NPSG.2:43856	tricho_phage_NPSG.2:43856--	T	GTTACTAATGGGTCTAGTTCAGGG	tricho_phage_NPSG.2:43856-		
69	39302	tricho_phage_NPSG.2	43938	6mA	-	6	0	0	0	0	6	1.0	tricho_phage_NPSG.2:43938	tricho_phage_NPSG.2:43938--	T	CATCAATATAGATCTTGTTGGCTT	tricho_phage_NPSG.2:43938-	GATC	1-NDBGATCVHN
70	39473	tricho_phage_NPSG.2	44062	6mA	-	5	2	0	0	0	7	0.71	tricho_phage_NPSG.2:44062	tricho_phage_NPSG.2:44062--	T	GTTAGCCATGTCTGGCCAATCTAT	tricho_phage_NPSG.2:44062-		
71	40196	tricho_phage_NPSG.2	44544	6mA	-	5	1	0	0	0	6	0.83	tricho_phage_NPSG.2:44544	tricho_phage_NPSG.2:44544--	T	TTGTTATCTGGATCAAATATTATA	tricho_phage_NPSG.2:44544-	GATC	1-NDBGATCVHN
72	40945	tricho_phage_NPSG.2	45046	6mA	+	3	0	0	0	0	3	1.0	tricho_phage_NPSG.2:45046	tricho_phage_NPSG.2:45046-+	A	ACTGATTAAGCGATCGCTGCTATT	tricho_phage_NPSG.2:45046+	GATC	1-NDBGATCVHN
73	40946	tricho_phage_NPSG.2	45047	6mA	-	5	2	0	0	0	7	0.71	tricho_phage_NPSG.2:45047	tricho_phage_NPSG.2:45047--	T	CTGATTAAGCGATCGCTGCTATTT	tricho_phage_NPSG.2:45047-	GATC	1-NDBGATCVHN
74	42525	tricho_phage_NPSG.2	46117	6mA	-	5	1	0	0	0	6	0.83	tricho_phage_NPSG.2:46117	tricho_phage_NPSG.2:46117--	T	ATCGGTTAGCGATCGCTTCAGCAT	tricho_phage_NPSG.2:46117-	GATC	1-NDBGATCVHN
75	43271	tricho_phage_NPSG.2	46653	6mA	+	2	1	0	0	0	3	0.67	tricho_phage_NPSG.2:46653	tricho_phage_NPSG.2:46653-+	A	CAAAAAATCCCCAGTCTCTCTGAA	tricho_phage_NPSG.2:46653+		
76	43352	tricho_phage_NPSG.2	46706	6mA	-	6	2	0	0	0	8	0.75	tricho_phage_NPSG.2:46706	tricho_phage_NPSG.2:46706--	T	TTTAGGTACAGATCCTAGTAGTCC	tricho_phage_NPSG.2:46706-	GATC	1-NDBGATCVHN
77	43668	tricho_phage_NPSG.2	46910	6mA	-	4	2	0	0	0	6	0.67	tricho_phage_NPSG.2:46910	tricho_phage_NPSG.2:46910--	T	AAGTTATTTAACTGGGCCATAGAT	tricho_phage_NPSG.2:46910-		
78	44046	tricho_phage_NPSG.2	47146	6mA	-	6	1	0	0	0	7	0.86	tricho_phage_NPSG.2:47146	tricho_phage_NPSG.2:47146--	T	ACTAGCTATAGATCAAAGTAGCGC	tricho_phage_NPSG.2:47146-	GATC	1-NDBGATCVHN
79	44316	tricho_phage_NPSG.2	47315	6mA	-	4	2	0	0	0	6	0.67	tricho_phage_NPSG.2:47315	tricho_phage_NPSG.2:47315--	T	TTTCAATCTGTATGGTCAAATTCT	tricho_phage_NPSG.2:47315-		
80	44600	tricho_phage_NPSG.2	47510	6mA	-	5	2	0	0	0	7	0.71	tricho_phage_NPSG.2:47510	tricho_phage_NPSG.2:47510--	T	AAATAATAGCGATCGCTGATGTAG	tricho_phage_NPSG.2:47510-	GATC	1-NDBGATCVHN
81	44826	tricho_phage_NPSG.2	47665	6mA	-	6	1	0	0	0	7	0.86	tricho_phage_NPSG.2:47665	tricho_phage_NPSG.2:47665--	T	ACACTATCAGGATCAAACATACTA	tricho_phage_NPSG.2:47665-	GATC	1-NDBGATCVHN
82	44912	tricho_phage_NPSG.2	47728	6mA	-	6	0	0	1	0	7	0.86	tricho_phage_NPSG.2:47728	tricho_phage_NPSG.2:47728--	T	ACTAAGCAGCGATCGCCTTTTTCT	tricho_phage_NPSG.2:47728-	GATC	1-NDBGATCVHN
83	45190	tricho_phage_NPSG.2	47916	6mA	-	4	1	0	0	0	5	0.8	tricho_phage_NPSG.2:47916	tricho_phage_NPSG.2:47916--	T	AACCTTGCGTTCTGGGCTATAAGG	tricho_phage_NPSG.2:47916-		
84	45366	tricho_phage_NPSG.2	48033	6mA	-	4	0	0	0	0	4	1.0	tricho_phage_NPSG.2:48033	tricho_phage_NPSG.2:48033--	T	TTCATTAAGAGATGGGGGTAATGG	tricho_phage_NPSG.2:48033-		
85	45490	tricho_phage_NPSG.2	48127	6mA	+	2	1	0	0	0	3	0.67	tricho_phage_NPSG.2:48127	tricho_phage_NPSG.2:48127-+	A	ATTGATATGACCATTTCTTGTCCC	tricho_phage_NPSG.2:48127+		
86	45684	tricho_phage_NPSG.2	48257	6mA	+	2	1	0	0	0	3	0.67	tricho_phage_NPSG.2:48257	tricho_phage_NPSG.2:48257-+	A	AGACTCACCGCCACAGTACTTGCA	tricho_phage_NPSG.2:48257+		
87	45994	tricho_phage_NPSG.2	48457	6mA	-	3	0	0	0	0	3	1.0	tricho_phage_NPSG.2:48457	tricho_phage_NPSG.2:48457--	T	AATAAGGAATCCTGGGGAGATGTG	tricho_phage_NPSG.2:48457-		
88	46159	tricho_phage_NPSG.2	48570	6mA	-	2	1	0	0	0	3	0.67	tricho_phage_NPSG.2:48570	tricho_phage_NPSG.2:48570--	T	AAGTTTGGTAAGTGGTCGCTGGTT	tricho_phage_NPSG.2:48570-		
89	46207	tricho_phage_NPSG.2	48601	6mA	-	3	0	0	0	0	3	1.0	tricho_phage_NPSG.2:48601	tricho_phage_NPSG.2:48601--	T	GGTAATACTGCGTGGGTGAAAAAA	tricho_phage_NPSG.2:48601-		
90	46369	tricho_phage_NPSG.2	48714	6mA	-	2	1	0	0	0	3	0.67	tricho_phage_NPSG.2:48714	tricho_phage_NPSG.2:48714--	T	AGGCACAGGTACTGGTACTTATTT	tricho_phage_NPSG.2:48714-		
91	46398	tricho_phage_NPSG.2	48732	6mA	+	2	1	0	0	0	3	0.67	tricho_phage_NPSG.2:48732	tricho_phage_NPSG.2:48732-+	A	TTATTTAGGACCAGAAGCGATCGC	tricho_phage_NPSG.2:48732+		
92	46410	tricho_phage_NPSG.2	48739	6mA	+	2	0	0	1	0	3	0.67	tricho_phage_NPSG.2:48739	tricho_phage_NPSG.2:48739-+	A	GGACCAGAAGCGATCGCAAAGCTA	tricho_phage_NPSG.2:48739+	GATC	1-NDBGATCVHN
93	46607	tricho_phage_NPSG.2	48866	6mA	-	3	0	0	0	0	3	1.0	tricho_phage_NPSG.2:48866	tricho_phage_NPSG.2:48866--	T	GAGTTTGCCGGATCACTGTGGGAG	tricho_phage_NPSG.2:48866-	GATC	1-NDBGATCVHN
94	46725	tricho_phage_NPSG.2	48945	6mA	-	3	0	0	0	0	3	1.0	tricho_phage_NPSG.2:48945	tricho_phage_NPSG.2:48945--	T	TGATTCATTCCCTGGGGTAGTAGA	tricho_phage_NPSG.2:48945-		
95	46872	tricho_phage_NPSG.2	49057	6mA	-	2	1	0	0	0	3	0.67	tricho_phage_NPSG.2:49057	tricho_phage_NPSG.2:49057--	T	TTATTCTCTCGATGTGCAAATATC	tricho_phage_NPSG.2:49057-		
96	46896	tricho_phage_NPSG.2	49074	6mA	-	3	0	0	0	0	3	1.0	tricho_phage_NPSG.2:49074	tricho_phage_NPSG.2:49074--	T	AAATATCCTCAATGGTGCTGTAGG	tricho_phage_NPSG.2:49074-		
97	46980	tricho_phage_NPSG.2	49136	6mA	-	2	1	0	0	0	3	0.67	tricho_phage_NPSG.2:49136	tricho_phage_NPSG.2:49136--	T	ATGAAGCAATGCTGGAAGTAGTAG	tricho_phage_NPSG.2:49136-		
98	47009	tricho_phage_NPSG.2	49165	6mA	-	3	0	0	0	0	3	1.0	tricho_phage_NPSG.2:49165	tricho_phage_NPSG.2:49165--	T	GCAATTAGAAGATCGGCAGGTATC	tricho_phage_NPSG.2:49165-	GATC	1-NDBGATCVHN
99	47051	tricho_phage_NPSG.2	49228	6mA	-	2	1	0	0	0	3	0.67	tricho_phage_NPSG.2:49228	tricho_phage_NPSG.2:49228--	T	AAAAAAGGCTTATGGGTACAAGGT	tricho_phage_NPSG.2:49228-		
100	47079	tricho_phage_NPSG.2	49252	6mA	-	3	0	0	0	0	3	1.0	tricho_phage_NPSG.2:49252	tricho_phage_NPSG.2:49252--	T	GAGGATGGTTCATGGGCTATTGAT	tricho_phage_NPSG.2:49252-		
101	47091	tricho_phage_NPSG.2	49263	6mA	-	3	0	0	0	0	3	1.0	tricho_phage_NPSG.2:49263	tricho_phage_NPSG.2:49263--	T	ATGGGCTATTGATCCTAAAAGAGA	tricho_phage_NPSG.2:49263-	GATC	1-NDBGATCVHN
102	47393	tricho_phage_NPSG.2	49656	6mA	-	3	0	0	0	0	3	1.0	tricho_phage_NPSG.2:49656	tricho_phage_NPSG.2:49656--	T	AGTAGACGGCGATCGCTACTTATC	tricho_phage_NPSG.2:49656-	GATC	1-NDBGATCVHN
103	47418	tricho_phage_NPSG.2	49692	6mA	-	2	1	0	0	0	3	0.67	tricho_phage_NPSG.2:49692	tricho_phage_NPSG.2:49692--	T	ATTTTTTGAGACTGGAGTGAAAAA	tricho_phage_NPSG.2:49692-		
104	47507	tricho_phage_NPSG.2	49824	6mA	-	3	0	0	0	0	3	1.0	tricho_phage_NPSG.2:49824	tricho_phage_NPSG.2:49824--	T	AAACAAAGGTGATCAAATTGTAAT	tricho_phage_NPSG.2:49824-	GATC	1-NDBGATCVHN
105	47532	tricho_phage_NPSG.2	49866	6mA	-	2	0	0	0	1	3	0.67	tricho_phage_NPSG.2:49866	tricho_phage_NPSG.2:49866--	A	GAACGCTTGGGAAGGCGAGGGAAG	tricho_phage_NPSG.2:49866-		
106	47555	tricho_phage_NPSG.2	49884	6mA	-	3	0	0	0	0	3	1.0	tricho_phage_NPSG.2:49884	tricho_phage_NPSG.2:49884--	T	GGGAAGTTTTGATCAGGGATGGTT	tricho_phage_NPSG.2:49884-	GATC	1-NDBGATCVHN
107	47810	tricho_phage_NPSG.2	50247	6mA	-	2	1	0	0	0	3	0.67	tricho_phage_NPSG.2:50247	tricho_phage_NPSG.2:50247--	T	TCTTAGTAATGATGGCGTCCTAGA	tricho_phage_NPSG.2:50247-		
108	47865	tricho_phage_NPSG.2	50307	6mA	-	2	1	0	0	0	3	0.67	tricho_phage_NPSG.2:50307	tricho_phage_NPSG.2:50307--	T	TCAAAGGATGTGTGGACGTTTTGG	tricho_phage_NPSG.2:50307-		
109	47897	tricho_phage_NPSG.2	50337	6mA	-	2	1	0	0	0	3	0.67	tricho_phage_NPSG.2:50337	tricho_phage_NPSG.2:50337--	T	TTGTGAAGTAACTGGGCCAGATGT	tricho_phage_NPSG.2:50337-		
110	48293	tricho_phage_NPSG.2	50830	6mA	-	2	1	0	0	0	3	0.67	tricho_phage_NPSG.2:50830	tricho_phage_NPSG.2:50830--	T	GAATGGCTGAAGTGGTGGGAGCAA	tricho_phage_NPSG.2:50830-		
111	48448	tricho_phage_NPSG.2	51031	6mA	-	3	0	0	0	0	3	1.0	tricho_phage_NPSG.2:51031	tricho_phage_NPSG.2:51031--	T	TATTATACTTACTGGAGGGATATT	tricho_phage_NPSG.2:51031-		
112	48491	tricho_phage_NPSG.2	51072	6mA	-	2	0	0	1	0	3	0.67	tricho_phage_NPSG.2:51072	tricho_phage_NPSG.2:51072--	T	AGACTACTGCGATCGCCACCACTT	tricho_phage_NPSG.2:51072-	GATC	1-NDBGATCVHN
113	48551	tricho_phage_NPSG.2	51169	6mA	-	2	1	0	0	0	3	0.67	tricho_phage_NPSG.2:51169	tricho_phage_NPSG.2:51169--	T	TGGCATCCTCCCTTTGGGGTTAAT	tricho_phage_NPSG.2:51169-		
114	48593	tricho_phage_NPSG.2	51213	6mA	-	3	0	0	0	0	3	1.0	tricho_phage_NPSG.2:51213	tricho_phage_NPSG.2:51213--	T	TAGAGCTGATGATCCAGTAGCCAA	tricho_phage_NPSG.2:51213-	GATC	1-NDBGATCVHN
115	48670	tricho_phage_NPSG.2	51309	6mA	-	3	0	0	0	0	3	1.0	tricho_phage_NPSG.2:51309	tricho_phage_NPSG.2:51309--	T	AGACATCAATGATCCGCGGGTTAC	tricho_phage_NPSG.2:51309-	GATC	1-NDBGATCVHN
116	48711	tricho_phage_NPSG.2	51355	6mA	-	2	1	0	0	0	3	0.67	tricho_phage_NPSG.2:51355	tricho_phage_NPSG.2:51355--	T	GTAACTGTGCCTTGGTCAGATTTA	tricho_phage_NPSG.2:51355-		
117	48783	tricho_phage_NPSG.2	51442	6mA	-	2	1	0	0	0	3	0.67	tricho_phage_NPSG.2:51442	tricho_phage_NPSG.2:51442--	T	ATTCAAAAATACTGGACTACTCAT	tricho_phage_NPSG.2:51442-		
118	48876	tricho_phage_NPSG.2	51560	6mA	-	3	0	0	0	0	3	1.0	tricho_phage_NPSG.2:51560	tricho_phage_NPSG.2:51560--	T	CAGCAGCGCTACTGGCAAGATTTG	tricho_phage_NPSG.2:51560-		
119	48936	tricho_phage_NPSG.2	51641	6mA	-	2	1	0	0	0	3	0.67	tricho_phage_NPSG.2:51641	tricho_phage_NPSG.2:51641--	T	AATGTTTAGCAGTGGAGGCTAGGA	tricho_phage_NPSG.2:51641-		
120	49155	tricho_phage_NPSG.2	51907	6mA	-	2	1	0	0	0	3	0.67	tricho_phage_NPSG.2:51907	tricho_phage_NPSG.2:51907--	T	GGGTATGTTGGGTGGAGTAGCGAT	tricho_phage_NPSG.2:51907-		
121	49168	tricho_phage_NPSG.2	51918	6mA	-	2	0	0	1	0	3	0.67	tricho_phage_NPSG.2:51918	tricho_phage_NPSG.2:51918--	T	GTGGAGTAGCGATCGCTAGGTTTT	tricho_phage_NPSG.2:51918-	GATC	1-NDBGATCVHN
122	49319	tricho_phage_NPSG.2	52095	6mA	-	2	0	0	0	1	3	0.67	tricho_phage_NPSG.2:52095	tricho_phage_NPSG.2:52095--	A	AGGATTTACAAAAGGCGCTACTGT	tricho_phage_NPSG.2:52095-		
123	49531	tricho_phage_NPSG.2	52333	6mA	-	2	1	0	0	0	3	0.67	tricho_phage_NPSG.2:52333	tricho_phage_NPSG.2:52333--	T	AAATTCCTTAAGTGGGGTAAAAAG	tricho_phage_NPSG.2:52333-		
124	53370	tricho_phage_NPSG.2	55198	6mA	+	4	0	0	1	0	5	0.8	tricho_phage_NPSG.2:55198	tricho_phage_NPSG.2:55198-+	A	TTTCATTAGCCCAGATAGTATTAA	tricho_phage_NPSG.2:55198+		
125	53735	tricho_phage_NPSG.2	55447	6mA	-	2	1	0	0	0	3	0.67	tricho_phage_NPSG.2:55447	tricho_phage_NPSG.2:55447--	T	TGCAAAAAATTGTCCAATAGCCCA	tricho_phage_NPSG.2:55447-		
126	54026	tricho_phage_NPSG.2	55630	6mA	-	2	0	0	0	1	3	0.67	tricho_phage_NPSG.2:55630	tricho_phage_NPSG.2:55630--	C	CGGCTCTTTTGACCCCTCTTTTGT	tricho_phage_NPSG.2:55630-		
127	54144	tricho_phage_NPSG.2	55712	6mA	-	2	1	0	0	0	3	0.67	tricho_phage_NPSG.2:55712	tricho_phage_NPSG.2:55712--	T	AATGATTTTAAATTTTCGTTTAGT	tricho_phage_NPSG.2:55712-		
128	54704	tricho_phage_NPSG.2	56104	6mA	-	2	1	0	0	0	3	0.67	tricho_phage_NPSG.2:56104	tricho_phage_NPSG.2:56104--	T	CTTACCCGCTCCTGGTCTAGCTAG	tricho_phage_NPSG.2:56104-		
129	54835	tricho_phage_NPSG.2	56188	6mA	+	3	1	0	0	0	4	0.75	tricho_phage_NPSG.2:56188	tricho_phage_NPSG.2:56188-+	A	TCCTAAGAAATGATCTAAATAATC	tricho_phage_NPSG.2:56188+	GATC	1-NDBGATCVHN
130	54836	tricho_phage_NPSG.2	56189	6mA	-	2	0	0	1	0	3	0.67	tricho_phage_NPSG.2:56189	tricho_phage_NPSG.2:56189--	T	CCTAAGAAATGATCTAAATAATCA	tricho_phage_NPSG.2:56189-	GATC	1-NDBGATCVHN
131	55088	tricho_phage_NPSG.2	56372	6mA	-	3	0	0	0	0	3	1.0	tricho_phage_NPSG.2:56372	tricho_phage_NPSG.2:56372--	T	ATATCCCTTTGATCACCACTAGAA	tricho_phage_NPSG.2:56372-	GATC	1-NDBGATCVHN
132	55494	tricho_phage_NPSG.2	56659	6mA	+	3	1	0	0	0	4	0.75	tricho_phage_NPSG.2:56659	tricho_phage_NPSG.2:56659-+	A	ATAATAAAAATGATCATGGCTTAG	tricho_phage_NPSG.2:56659+	GATC	1-NDBGATCVHN
133	55495	tricho_phage_NPSG.2	56660	6mA	-	4	1	0	0	0	5	0.8	tricho_phage_NPSG.2:56660	tricho_phage_NPSG.2:56660--	T	TAATAAAAATGATCATGGCTTAGT	tricho_phage_NPSG.2:56660-	GATC	1-NDBGATCVHN
134	55616	tricho_phage_NPSG.2	56746	6mA	+	4	1	0	0	0	5	0.8	tricho_phage_NPSG.2:56746	tricho_phage_NPSG.2:56746-+	A	GTTAAAATCTTGATCTTCTTGTTG	tricho_phage_NPSG.2:56746+	GATC	1-NDBGATCVHN
135	55617	tricho_phage_NPSG.2	56747	6mA	-	4	1	0	0	0	5	0.8	tricho_phage_NPSG.2:56747	tricho_phage_NPSG.2:56747--	T	TTAAAATCTTGATCTTCTTGTTGA	tricho_phage_NPSG.2:56747-	GATC	1-NDBGATCVHN
136	55685	tricho_phage_NPSG.2	56800	6mA	+	5	0	0	0	0	5	1.0	tricho_phage_NPSG.2:56800	tricho_phage_NPSG.2:56800-+	A	TGTGTATAGGGGATCAAGGGTTGC	tricho_phage_NPSG.2:56800+	GATC	1-NDBGATCVHN
137	55686	tricho_phage_NPSG.2	56801	6mA	-	5	0	0	0	0	5	1.0	tricho_phage_NPSG.2:56801	tricho_phage_NPSG.2:56801--	T	GTGTATAGGGGATCAAGGGTTGCA	tricho_phage_NPSG.2:56801-	GATC	1-NDBGATCVHN
138	55974	tricho_phage_NPSG.2	56994	6mA	-	4	0	0	0	0	4	1.0	tricho_phage_NPSG.2:56994	tricho_phage_NPSG.2:56994--	T	GCGTTTATTAGGTGGTCATTGTAA	tricho_phage_NPSG.2:56994-		
139	56248	tricho_phage_NPSG.2	57191	6mA	+	5	0	0	0	0	5	1.0	tricho_phage_NPSG.2:57191	tricho_phage_NPSG.2:57191-+	A	AGTTAATAATTGATCAATTTTGTG	tricho_phage_NPSG.2:57191+	GATC	1-NDBGATCVHN
140	56249	tricho_phage_NPSG.2	57192	6mA	-	4	0	0	0	0	4	1.0	tricho_phage_NPSG.2:57192	tricho_phage_NPSG.2:57192--	T	GTTAATAATTGATCAATTTTGTGA	tricho_phage_NPSG.2:57192-	GATC	1-NDBGATCVHN
141	56559	tricho_phage_NPSG.2	57431	6mA	+	4	1	0	0	0	5	0.8	tricho_phage_NPSG.2:57431	tricho_phage_NPSG.2:57431-+	A	TTTGTATGGACCAGCTTGGTTATA	tricho_phage_NPSG.2:57431+		
142	56771	tricho_phage_NPSG.2	57587	6mA	+	4	1	0	0	0	5	0.8	tricho_phage_NPSG.2:57587	tricho_phage_NPSG.2:57587-+	A	TAAAATTTCTTGATCCTTTATCTG	tricho_phage_NPSG.2:57587+	GATC	1-NDBGATCVHN
143	57066	tricho_phage_NPSG.2	57815	6mA	+	4	1	0	0	0	5	0.8	tricho_phage_NPSG.2:57815	tricho_phage_NPSG.2:57815-+	A	GTCATAAAATAGATCCTACTTATG	tricho_phage_NPSG.2:57815+	GATC	1-NDBGATCVHN
144	57622	tricho_phage_NPSG.2	58220	6mA	+	4	0	0	0	0	4	1.0	tricho_phage_NPSG.2:58220	tricho_phage_NPSG.2:58220-+	A	TAAAGACAAAGGATCTTACGGCAC	tricho_phage_NPSG.2:58220+	GATC	1-NDBGATCVHN
145	58273	tricho_phage_NPSG.2	58670	6mA	+	2	0	0	1	0	3	0.67	tricho_phage_NPSG.2:58670	tricho_phage_NPSG.2:58670-+	A	TATTAGATAGCGATCGCAAACTTT	tricho_phage_NPSG.2:58670+	GATC	1-NDBGATCVHN
146	60079	tricho_phage_NPSG.2	59950	6mA	+	2	1	0	0	0	3	0.67	tricho_phage_NPSG.2:59950	tricho_phage_NPSG.2:59950-+	A	TAATCAAGTCTGATCTGTATAATT	tricho_phage_NPSG.2:59950+	GATC	1-NDBGATCVHN
147	67954	tricho_phage_NPSG.2	69508	6mA	+	2	1	0	0	0	3	0.67	tricho_phage_NPSG.2:69508	tricho_phage_NPSG.2:69508-+	A	GAAGTAATCGCGATCGCTCCGGTT	tricho_phage_NPSG.2:69508+	GATC	1-NDBGATCVHN
148	69251	tricho_phage_NPSG.2	71394	6mA	+	3	0	0	0	0	3	1.0	tricho_phage_NPSG.2:71394	tricho_phage_NPSG.2:71394-+	A	GATTAACCAGAGATCGATAGAAAT	tricho_phage_NPSG.2:71394+	GATC	1-NDBGATCVHN
149	69315	tricho_phage_NPSG.2	71482	6mA	+	2	1	0	0	0	3	0.67	tricho_phage_NPSG.2:71482	tricho_phage_NPSG.2:71482-+	A	CAAGAAAAGGCGATCGCTGTCAAT	tricho_phage_NPSG.2:71482+	GATC	1-NDBGATCVHN
150	69380	tricho_phage_NPSG.2	71523	6mA	+	2	1	0	0	0	3	0.67	tricho_phage_NPSG.2:71523	tricho_phage_NPSG.2:71523-+	A	AACATACCCACCAGAAGGTACTAA	tricho_phage_NPSG.2:71523+		
151	71411	tricho_phage_NPSG.2	73488	6mA	+	2	0	0	0	1	3	0.67	tricho_phage_NPSG.2:73488	tricho_phage_NPSG.2:73488-+	G	TTTGGTTACTAGGTCTTCCATTGT	tricho_phage_NPSG.2:73488+		
152	71783	tricho_phage_NPSG.2	73763	6mA	+	3	0	0	0	0	3	1.0	tricho_phage_NPSG.2:73763	tricho_phage_NPSG.2:73763-+	A	AAACATGTACAGATCAAAATGTAC	tricho_phage_NPSG.2:73763+	GATC	1-NDBGATCVHN
153	71853	tricho_phage_NPSG.2	73817	6mA	+	2	1	0	0	0	3	0.67	tricho_phage_NPSG.2:73817	tricho_phage_NPSG.2:73817-+	A	ATGTCAAATAACATAAAACTATCA	tricho_phage_NPSG.2:73817+		
154	72113	tricho_phage_NPSG.2	74150	6mA	+	3	0	0	0	0	3	1.0	tricho_phage_NPSG.2:74150	tricho_phage_NPSG.2:74150-+	A	CAAAGCATTTAGATCCTCCTGTGT	tricho_phage_NPSG.2:74150+	GATC	1-NDBGATCVHN
155	72171	tricho_phage_NPSG.2	74252	6mA	+	3	0	0	0	0	3	1.0	tricho_phage_NPSG.2:74252	tricho_phage_NPSG.2:74252-+	A	TAGGTTTGGCCCATCATCTAGCTT	tricho_phage_NPSG.2:74252+		
156	72255	tricho_phage_NPSG.2	74355	6mA	+	2	0	0	0	1	3	0.67	tricho_phage_NPSG.2:74355	tricho_phage_NPSG.2:74355-+	G	GATAGATACTCCGCCTATAATGAC	tricho_phage_NPSG.2:74355+		
157	83444	tricho_phage_NPSG.2	88266	6mA	-	2	1	0	0	0	3	0.67	tricho_phage_NPSG.2:88266	tricho_phage_NPSG.2:88266--	T	CAGACTGACCGATCAAATGAACAA	tricho_phage_NPSG.2:88266-	GATC	1-NDBGATCVHN
158	83533	tricho_phage_NPSG.2	88330	6mA	-	3	0	0	0	0	3	1.0	tricho_phage_NPSG.2:88330	tricho_phage_NPSG.2:88330--	T	CTAAAGCAGCGATCGCGCACGCTG	tricho_phage_NPSG.2:88330-	GATC	1-NDBGATCVHN
159	83659	tricho_phage_NPSG.2	88414	6mA	-	2	1	0	0	0	3	0.67	tricho_phage_NPSG.2:88414	tricho_phage_NPSG.2:88414--	T	CCAGTCTCCAGATAAGCAGCTTAC	tricho_phage_NPSG.2:88414-		
160	89005	tricho_phage_NPSG.2	94486	6mA	+	3	0	0	0	0	3	1.0	tricho_phage_NPSG.2:94486	tricho_phage_NPSG.2:94486-+	A	ATTGGTCTAGCGATCGCTGAATAC	tricho_phage_NPSG.2:94486+	GATC	1-NDBGATCVHN
161	89025	tricho_phage_NPSG.2	94502	6mA	+	3	0	0	0	0	3	1.0	tricho_phage_NPSG.2:94502	tricho_phage_NPSG.2:94502-+	A	CTGAATACTATGATCTGGAAAATC	tricho_phage_NPSG.2:94502+	GATC	1-NDBGATCVHN
162	89535	tricho_phage_NPSG.2	94863	6mA	+	2	1	0	0	0	3	0.67	tricho_phage_NPSG.2:94863	tricho_phage_NPSG.2:94863-+	A	AGAAATTCACGGACTTCTTTTGCT	tricho_phage_NPSG.2:94863+		
163	89564	tricho_phage_NPSG.2	94883	6mA	+	3	0	0	0	0	3	1.0	tricho_phage_NPSG.2:94883	tricho_phage_NPSG.2:94883-+	A	TGCTACTGTGCGATCGTCTTGTTT	tricho_phage_NPSG.2:94883+	GATC	1-NDBGATCVHN
164	89590	tricho_phage_NPSG.2	94902	6mA	+	2	1	0	0	0	3	0.67	tricho_phage_NPSG.2:94902	tricho_phage_NPSG.2:94902-+	A	TGTTTTTTGGCCATTACAGTTAAA	tricho_phage_NPSG.2:94902+		
165	92107	tricho_phage_NPSG.2	96721	6mA	+	3	0	0	0	0	3	1.0	tricho_phage_NPSG.2:96721	tricho_phage_NPSG.2:96721-+	A	AAATTGCTTATGATCAAGTTCATA	tricho_phage_NPSG.2:96721+	GATC	1-NDBGATCVHN
166	92143	tricho_phage_NPSG.2	96748	6mA	+	3	0	0	0	0	3	1.0	tricho_phage_NPSG.2:96748	tricho_phage_NPSG.2:96748-+	A	TCTTATAAAGCGATCGCGGTCTCT	tricho_phage_NPSG.2:96748+	GATC	1-NDBGATCVHN
167	92319	tricho_phage_NPSG.2	96871	6mA	+	3	0	0	0	0	3	1.0	tricho_phage_NPSG.2:96871	tricho_phage_NPSG.2:96871-+	A	AGTAGTATCACCAGCTCCAGTCAA	tricho_phage_NPSG.2:96871+		
168	92418	tricho_phage_NPSG.2	96952	6mA	+	2	1	0	0	0	3	0.67	tricho_phage_NPSG.2:96952	tricho_phage_NPSG.2:96952-+	A	AAATGATACTGGATCTTCTTCGCC	tricho_phage_NPSG.2:96952+	GATC	1-NDBGATCVHN
169	92522	tricho_phage_NPSG.2	97014	6mA	+	3	0	0	0	0	3	1.0	tricho_phage_NPSG.2:97014	tricho_phage_NPSG.2:97014-+	A	GCTTAGCCGGCCATCTACCAGTAA	tricho_phage_NPSG.2:97014+		
170	96983	tricho_phage_NPSG.2	103435	6mA	+	2	1	0	0	0	3	0.67	tricho_phage_NPSG.2:103435	tricho_phage_NPSG.2:103435-+	A	TGATATCAGAAGATCTAGCCATAT	tricho_phage_NPSG.2:103435+	GATC	1-NDBGATCVHN
171	115661	tricho_phage_NPSG.2	126576	6mA	-	3	0	0	0	0	3	1.0	tricho_phage_NPSG.2:126576	tricho_phage_NPSG.2:126576--	T	CATTATTAGCGATCGCTAACTTCT	tricho_phage_NPSG.2:126576-	GATC	1-NDBGATCVHN
172	115693	tricho_phage_NPSG.2	126641	6mA	-	3	0	0	0	0	3	1.0	tricho_phage_NPSG.2:126641	tricho_phage_NPSG.2:126641--	T	TACCCGCAAAGATCCTTTACTTTT	tricho_phage_NPSG.2:126641-	GATC	1-NDBGATCVHN
173	116078	tricho_phage_NPSG.2	126961	6mA	+	2	1	0	0	0	3	0.67	tricho_phage_NPSG.2:126961	tricho_phage_NPSG.2:126961-+	A	GCAATATATCTGATCTCAGCAAAG	tricho_phage_NPSG.2:126961+	GATC	1-NDBGATCVHN
174	116233	tricho_phage_NPSG.2	127063	6mA	+	2	1	0	0	0	3	0.67	tricho_phage_NPSG.2:127063	tricho_phage_NPSG.2:127063-+	A	TAGGGAAAATTGATCCAATGATGG	tricho_phage_NPSG.2:127063+	GATC	1-NDBGATCVHN
175	116624	tricho_phage_NPSG.2	127352	6mA	+	3	0	0	0	0	3	1.0	tricho_phage_NPSG.2:127352	tricho_phage_NPSG.2:127352-+	A	GGGCAATACCGTATATGGACTTAT	tricho_phage_NPSG.2:127352+		
176	116724	tricho_phage_NPSG.2	127484	6mA	+	3	0	0	0	0	3	1.0	tricho_phage_NPSG.2:127484	tricho_phage_NPSG.2:127484-+	A	TTGATAGATGCTATTGATGCTGGA	tricho_phage_NPSG.2:127484+		
177	119377	tricho_phage_NPSG.2	129412	6mA	-	2	1	0	0	0	3	0.67	tricho_phage_NPSG.2:129412	tricho_phage_NPSG.2:129412--	T	TTATTGTATTTATACGGTTATTAT	tricho_phage_NPSG.2:129412-		
178	119485	tricho_phage_NPSG.2	129500	6mA	-	2	1	0	0	0	3	0.67	tricho_phage_NPSG.2:129500	tricho_phage_NPSG.2:129500--	T	CTCAAACGATGATAGGCGCTCTAT	tricho_phage_NPSG.2:129500-		
179	119545	tricho_phage_NPSG.2	129539	6mA	-	2	1	0	0	0	3	0.67	tricho_phage_NPSG.2:129539	tricho_phage_NPSG.2:129539--	T	TAAAGGATATAGTGGGCAACTTGT	tricho_phage_NPSG.2:129539-		
180	119564	tricho_phage_NPSG.2	129550	6mA	-	2	1	0	0	0	3	0.67	tricho_phage_NPSG.2:129550	tricho_phage_NPSG.2:129550--	T	GTGGGCAACTTGTTCGGTATGTTC	tricho_phage_NPSG.2:129550-		
181	119666	tricho_phage_NPSG.2	129621	6mA	-	2	1	0	0	0	3	0.67	tricho_phage_NPSG.2:129621	tricho_phage_NPSG.2:129621--	T	TTTATACATTTATGGGGTGATGTA	tricho_phage_NPSG.2:129621-		
182	120190	tricho_phage_NPSG.2	129996	6mA	-	2	1	0	0	0	3	0.67	tricho_phage_NPSG.2:129996	tricho_phage_NPSG.2:129996--	T	TTTATACACAGATTCCCGGGAAAA	tricho_phage_NPSG.2:129996-		
183	120342	tricho_phage_NPSG.2	130100	6mA	-	3	0	0	0	0	3	1.0	tricho_phage_NPSG.2:130100	tricho_phage_NPSG.2:130100--	T	ATTATAAAGCGATCGCGGACTTTC	tricho_phage_NPSG.2:130100-	GATC	1-NDBGATCVHN
184	126274	tricho_phage_NPSG.2	136849	6mA	-	2	0	0	1	0	3	0.67	tricho_phage_NPSG.2:136849	tricho_phage_NPSG.2:136849--	T	ATCAAGTATTGATCCTGATATAGT	tricho_phage_NPSG.2:136849-	GATC	1-NDBGATCVHN
185	127062	tricho_phage_NPSG.2	137404	6mA	+	2	1	0	0	0	3	0.67	tricho_phage_NPSG.2:137404	tricho_phage_NPSG.2:137404-+	A	TTGTTTAGAGCGATCGCTAAAGTA	tricho_phage_NPSG.2:137404+	GATC	1-NDBGATCVHN
186	127237	tricho_phage_NPSG.2	137532	6mA	+	3	0	0	0	0	3	1.0	tricho_phage_NPSG.2:137532	tricho_phage_NPSG.2:137532-+	A	CTTAAAAAAGCGATCGCGCGCTAA	tricho_phage_NPSG.2:137532+	GATC	1-NDBGATCVHN
187	135188	tricho_phage_NPSG.2	143282	6mA	+	2	1	0	0	0	3	0.67	tricho_phage_NPSG.2:143282	tricho_phage_NPSG.2:143282-+	A	ACCTATACTGAGATTATTCAAGAA	tricho_phage_NPSG.2:143282+		
188	135272	tricho_phage_NPSG.2	143342	6mA	+	2	1	0	0	0	3	0.67	tricho_phage_NPSG.2:143342	tricho_phage_NPSG.2:143342-+	A	GAAGTGGAGGCGATCGCTACTTAC	tricho_phage_NPSG.2:143342+	GATC	1-NDBGATCVHN
189	139337	tricho_phage_NPSG.2	146287	6mA	+	2	1	0	0	0	3	0.67	tricho_phage_NPSG.2:146287	tricho_phage_NPSG.2:146287-+	A	TGGCCTAAAACTACAGAGAATCAA	tricho_phage_NPSG.2:146287+		
190	140333	tricho_phage_NPSG.2	147024	6mA	+	3	1	0	0	0	4	0.75	tricho_phage_NPSG.2:147024	tricho_phage_NPSG.2:147024-+	A	CGTGGCTTGCGTAGTCATAGACTG	tricho_phage_NPSG.2:147024+		
191	140443	tricho_phage_NPSG.2	147095	6mA	+	4	0	0	0	0	4	1.0	tricho_phage_NPSG.2:147095	tricho_phage_NPSG.2:147095-+	A	GGGGTATTGATGATCCTCAAAAGT	tricho_phage_NPSG.2:147095+	GATC	1-NDBGATCVHN
192	140582	tricho_phage_NPSG.2	147185	6mA	+	3	1	0	0	0	4	0.75	tricho_phage_NPSG.2:147185	tricho_phage_NPSG.2:147185-+	A	GAGACTTAGATGATCTGATAGCAA	tricho_phage_NPSG.2:147185+	GATC	1-NDBGATCVHN
193	140759	tricho_phage_NPSG.2	147308	6mA	+	4	0	0	0	0	4	1.0	tricho_phage_NPSG.2:147308	tricho_phage_NPSG.2:147308-+	A	CAAATTGTGGCCATGAGTTTTAGT	tricho_phage_NPSG.2:147308+		
194	141172	tricho_phage_NPSG.2	147622	6mA	+	2	1	0	0	0	3	0.67	tricho_phage_NPSG.2:147622	tricho_phage_NPSG.2:147622-+	A	AAAAGCTTGATAATACTCCTGTAG	tricho_phage_NPSG.2:147622+		
195	9815	tricho_phage_NPSG.2	15248	5mC	-	3	0	0	0	0	3	1.0	tricho_phage_NPSG.2:15248	tricho_phage_NPSG.2:15248--	G	CAATGTAGGCTCGCTGCTTGCTAG	tricho_phage_NPSG.2:15248-		
196	9847	tricho_phage_NPSG.2	15270	5mC	-	2	1	0	0	0	3	0.67	tricho_phage_NPSG.2:15270	tricho_phage_NPSG.2:15270--	G	AGTTTAGTTATCGTACCGTCCTTA	tricho_phage_NPSG.2:15270-		
197	10105	tricho_phage_NPSG.2	15448	5mC	-	2	1	0	0	0	3	0.67	tricho_phage_NPSG.2:15448	tricho_phage_NPSG.2:15448--	G	CTGCTTTTAATCGCTTCCAGTAGC	tricho_phage_NPSG.2:15448-		
198	11794	tricho_phage_NPSG.2	16644	5mC	+	2	1	0	0	0	3	0.67	tricho_phage_NPSG.2:16644	tricho_phage_NPSG.2:16644-+	C	TATATTATGAAGCGATCGCCATTT	tricho_phage_NPSG.2:16644+		
199	25445	tricho_phage_NPSG.2	33454	5mC	-	5	0	0	0	0	5	1.0	tricho_phage_NPSG.2:33454	tricho_phage_NPSG.2:33454--	G	TACTTTGGAATCGCTGGGGTCGTA	tricho_phage_NPSG.2:33454-		
200	26621	tricho_phage_NPSG.2	34920	5mC	-	2	0	0	0	1	3	0.67	tricho_phage_NPSG.2:34920	tricho_phage_NPSG.2:34920--	G	TTTCCTGCGATCGCCAGTCTGTTT	tricho_phage_NPSG.2:34920-		
201	27962	tricho_phage_NPSG.2	35908	5mC	+	3	0	0	0	0	3	1.0	tricho_phage_NPSG.2:35908	tricho_phage_NPSG.2:35908-+	C	GATCTACTGAGACGATTAAGTATT	tricho_phage_NPSG.2:35908+		
202	28396	tricho_phage_NPSG.2	36220	5mC	+	3	0	0	0	0	3	1.0	tricho_phage_NPSG.2:36220	tricho_phage_NPSG.2:36220-+	C	AAATCAACTAAGCGATCGCGAATT	tricho_phage_NPSG.2:36220+		
203	29127	tricho_phage_NPSG.2	36697	5mC	-	3	1	0	0	0	4	0.75	tricho_phage_NPSG.2:36697	tricho_phage_NPSG.2:36697--	G	TTACTTAAAATCGAAAAAATAGTA	tricho_phage_NPSG.2:36697-		
204	30539	tricho_phage_NPSG.2	37666	5mC	-	4	0	0	0	0	4	1.0	tricho_phage_NPSG.2:37666	tricho_phage_NPSG.2:37666--	G	ATCTACGAGCTCGCTCAGATGCAT	tricho_phage_NPSG.2:37666-		
205	30636	tricho_phage_NPSG.2	37733	5mC	-	4	0	0	0	0	4	1.0	tricho_phage_NPSG.2:37733	tricho_phage_NPSG.2:37733--	G	GCCTCTCAAATCGCTTTCTATGCT	tricho_phage_NPSG.2:37733-		
206	30722	tricho_phage_NPSG.2	37793	5mC	-	3	0	0	0	1	4	0.75	tricho_phage_NPSG.2:37793	tricho_phage_NPSG.2:37793--	G	ACAACATTGATCGCCTCACATTAA	tricho_phage_NPSG.2:37793-		
207	30935	tricho_phage_NPSG.2	37948	5mC	-	3	1	0	0	0	4	0.75	tricho_phage_NPSG.2:37948	tricho_phage_NPSG.2:37948--	G	TGGGAAGGTTTCGCCGCTCATGAT	tricho_phage_NPSG.2:37948-		
208	31951	tricho_phage_NPSG.2	38657	5mC	-	4	1	0	0	0	5	0.8	tricho_phage_NPSG.2:38657	tricho_phage_NPSG.2:38657--	G	TGCTAGTATTTCGAGCATAATCAA	tricho_phage_NPSG.2:38657-		
209	33044	tricho_phage_NPSG.2	39461	5mC	-	2	1	0	0	0	3	0.67	tricho_phage_NPSG.2:39461	tricho_phage_NPSG.2:39461--	G	GAATCAGCGATCGCAACCTATAGA	tricho_phage_NPSG.2:39461-		
210	33717	tricho_phage_NPSG.2	39951	5mC	-	4	0	0	0	0	4	1.0	tricho_phage_NPSG.2:39951	tricho_phage_NPSG.2:39951--	G	GCCGAAGATATCGCTAAGCATGTA	tricho_phage_NPSG.2:39951-		
211	34911	tricho_phage_NPSG.2	40803	5mC	-	4	0	0	0	0	4	1.0	tricho_phage_NPSG.2:40803	tricho_phage_NPSG.2:40803--	G	AAGTTAGCGATCGCGAACTTCAAA	tricho_phage_NPSG.2:40803-		
212	34995	tricho_phage_NPSG.2	40866	5mC	-	4	0	0	0	0	4	1.0	tricho_phage_NPSG.2:40866	tricho_phage_NPSG.2:40866--	G	GATAATAAAATCGCTTTTTTTGTT	tricho_phage_NPSG.2:40866-		
213	37130	tricho_phage_NPSG.2	42413	5mC	-	2	0	0	1	0	3	0.67	tricho_phage_NPSG.2:42413	tricho_phage_NPSG.2:42413--	G	AAGCTAGCGATCGCGCGGAGAGTA	tricho_phage_NPSG.2:42413-		
214	37811	tricho_phage_NPSG.2	42880	5mC	-	3	1	0	0	0	4	0.75	tricho_phage_NPSG.2:42880	tricho_phage_NPSG.2:42880--	G	GAATGACAACTCGCGCTACATTTT	tricho_phage_NPSG.2:42880-		
215	42528	tricho_phage_NPSG.2	46119	5mC	-	5	1	0	0	0	6	0.83	tricho_phage_NPSG.2:46119	tricho_phage_NPSG.2:46119--	G	CGGTTAGCGATCGCTTCAGCATAA	tricho_phage_NPSG.2:46119-		
216	44880	tricho_phage_NPSG.2	47706	5mC	-	5	2	0	0	0	7	0.71	tricho_phage_NPSG.2:47706	tricho_phage_NPSG.2:47706--	G	ATTAAAATCATCGCTCATTGTAAC	tricho_phage_NPSG.2:47706-		
217	44916	tricho_phage_NPSG.2	47730	5mC	-	6	0	0	1	0	7	0.86	tricho_phage_NPSG.2:47730	tricho_phage_NPSG.2:47730--	G	TAAGCAGCGATCGCCTTTTTCTCT	tricho_phage_NPSG.2:47730-		
218	46050	tricho_phage_NPSG.2	48493	5mC	-	3	0	0	0	0	3	1.0	tricho_phage_NPSG.2:48493	tricho_phage_NPSG.2:48493--	G	ACAGAAGGTATCGCAGAACTAGGC	tricho_phage_NPSG.2:48493-		
219	46167	tricho_phage_NPSG.2	48575	5mC	-	2	1	0	0	0	3	0.67	tricho_phage_NPSG.2:48575	tricho_phage_NPSG.2:48575--	G	TGGTAAGTGGTCGCTGGTTGTGGG	tricho_phage_NPSG.2:48575-		
220	46405	tricho_phage_NPSG.2	48737	5mC	+	2	0	0	1	0	3	0.67	tricho_phage_NPSG.2:48737	tricho_phage_NPSG.2:48737-+	C	TAGGACCAGAAGCGATCGCAAAGC	tricho_phage_NPSG.2:48737+		
221	46414	tricho_phage_NPSG.2	48742	5mC	-	3	0	0	0	0	3	1.0	tricho_phage_NPSG.2:48742	tricho_phage_NPSG.2:48742--	G	CCAGAAGCGATCGCAAAGCTACCA	tricho_phage_NPSG.2:48742-		
222	47300	tricho_phage_NPSG.2	49535	5mC	-	3	0	0	0	0	3	1.0	tricho_phage_NPSG.2:49535	tricho_phage_NPSG.2:49535--	G	AGCTGGAGCATCGCGCTACAAGAT	tricho_phage_NPSG.2:49535-		
223	47394	tricho_phage_NPSG.2	49658	5mC	-	2	1	0	0	0	3	0.67	tricho_phage_NPSG.2:49658	tricho_phage_NPSG.2:49658--	G	TAGACGGCGATCGCTACTTATCTA	tricho_phage_NPSG.2:49658-		
224	48492	tricho_phage_NPSG.2	51074	5mC	-	3	0	0	0	0	3	1.0	tricho_phage_NPSG.2:51074	tricho_phage_NPSG.2:51074--	G	ACTACTGCGATCGCCACCACTTAA	tricho_phage_NPSG.2:51074-		
225	53320	tricho_phage_NPSG.2	55171	5mC	+	5	0	0	0	0	5	1.0	tricho_phage_NPSG.2:55171	tricho_phage_NPSG.2:55171-+	C	TGTAAATGGATGCGATCGCGGAGT	tricho_phage_NPSG.2:55171+		
226	53330	tricho_phage_NPSG.2	55176	5mC	-	3	0	0	0	0	3	1.0	tricho_phage_NPSG.2:55176	tricho_phage_NPSG.2:55176--	G	ATGGATGCGATCGCGGAGTCTATT	tricho_phage_NPSG.2:55176-		
227	53443	tricho_phage_NPSG.2	55246	5mC	+	4	1	0	1	0	6	0.67	tricho_phage_NPSG.2:55246	tricho_phage_NPSG.2:55246-+	C	CACCGCCACCAGCGAATAAGATAC	tricho_phage_NPSG.2:55246+		
228	55907	tricho_phage_NPSG.2	56951	5mC	-	4	0	0	0	0	4	1.0	tricho_phage_NPSG.2:56951	tricho_phage_NPSG.2:56951--	G	CGGCATGTGTTCGCTGGGTACGTC	tricho_phage_NPSG.2:56951-		
229	58269	tricho_phage_NPSG.2	58668	5mC	+	3	0	0	0	0	3	1.0	tricho_phage_NPSG.2:58668	tricho_phage_NPSG.2:58668-+	C	ATTATTAGATAGCGATCGCAAACT	tricho_phage_NPSG.2:58668+		
230	59947	tricho_phage_NPSG.2	59859	5mC	+	3	0	0	1	0	4	0.75	tricho_phage_NPSG.2:59859	tricho_phage_NPSG.2:59859-+	C	ATGTCCTTTGCACGAATCAAGGAA	tricho_phage_NPSG.2:59859+		
231	59976	tricho_phage_NPSG.2	59879	5mC	+	4	0	0	0	0	4	1.0	tricho_phage_NPSG.2:59879	tricho_phage_NPSG.2:59879-+	C	GGAAGTCTTAGGCGATGCAAATTT	tricho_phage_NPSG.2:59879+		
232	67951	tricho_phage_NPSG.2	69506	5mC	+	2	0	0	0	1	3	0.67	tricho_phage_NPSG.2:69506	tricho_phage_NPSG.2:69506-+	C	TAGAAGTAATCGCGATCGCTCCGG	tricho_phage_NPSG.2:69506+		
233	69311	tricho_phage_NPSG.2	71480	5mC	+	3	0	0	0	0	3	1.0	tricho_phage_NPSG.2:71480	tricho_phage_NPSG.2:71480-+	C	GGCAAGAAAAGGCGATCGCTGTCA	tricho_phage_NPSG.2:71480+		
234	69502	tricho_phage_NPSG.2	71603	5mC	+	3	0	0	0	0	3	1.0	tricho_phage_NPSG.2:71603	tricho_phage_NPSG.2:71603-+	C	TTGAGGGGGTAGCAATGCAATCTA	tricho_phage_NPSG.2:71603+		
235	83488	tricho_phage_NPSG.2	88299	5mC	-	2	1	0	0	0	3	0.67	tricho_phage_NPSG.2:88299	tricho_phage_NPSG.2:88299--	G	GACTTATCCATCGCTAGGCTTAAA	tricho_phage_NPSG.2:88299-		
236	83537	tricho_phage_NPSG.2	88332	5mC	-	2	0	0	1	0	3	0.67	tricho_phage_NPSG.2:88332	tricho_phage_NPSG.2:88332--	G	AAAGCAGCGATCGCGCACGCTGAC	tricho_phage_NPSG.2:88332-		
237	88811	tricho_phage_NPSG.2	94358	5mC	+	2	0	0	1	0	3	0.67	tricho_phage_NPSG.2:94358	tricho_phage_NPSG.2:94358-+	C	AATACCTTTTTGCGATCGCCACCT	tricho_phage_NPSG.2:94358+		
238	89000	tricho_phage_NPSG.2	94484	5mC	+	2	0	0	0	1	3	0.67	tricho_phage_NPSG.2:94484	tricho_phage_NPSG.2:94484-+	C	AAATTGGTCTAGCGATCGCTGAAT	tricho_phage_NPSG.2:94484+		
239	89560	tricho_phage_NPSG.2	94881	5mC	+	3	0	0	0	0	3	1.0	tricho_phage_NPSG.2:94881	tricho_phage_NPSG.2:94881-+	C	TTTGCTACTGTGCGATCGTCTTGT	tricho_phage_NPSG.2:94881+		
240	92139	tricho_phage_NPSG.2	96746	5mC	+	3	0	0	0	0	3	1.0	tricho_phage_NPSG.2:96746	tricho_phage_NPSG.2:96746-+	C	CTTCTTATAAAGCGATCGCGGTCT	tricho_phage_NPSG.2:96746+		
241	116663	tricho_phage_NPSG.2	127396	5mC	+	2	1	0	0	0	3	0.67	tricho_phage_NPSG.2:127396	tricho_phage_NPSG.2:127396-+	C	CCAGTTTTATAACGATAGTCATCA	tricho_phage_NPSG.2:127396+		
242	119414	tricho_phage_NPSG.2	129444	5mC	-	2	0	0	1	0	3	0.67	tricho_phage_NPSG.2:129444	tricho_phage_NPSG.2:129444--	G	TATGGTATTATCGCAACAGATTAT	tricho_phage_NPSG.2:129444-		
243	120346	tricho_phage_NPSG.2	130102	5mC	-	2	1	0	0	0	3	0.67	tricho_phage_NPSG.2:130102	tricho_phage_NPSG.2:130102--	G	TATAAAGCGATCGCGGACTTTCTA	tricho_phage_NPSG.2:130102-		
244	127058	tricho_phage_NPSG.2	137402	5mC	+	2	1	0	0	0	3	0.67	tricho_phage_NPSG.2:137402	tricho_phage_NPSG.2:137402-+	C	GATTGTTTAGAGCGATCGCTAAAG	tricho_phage_NPSG.2:137402+		
245	127127	tricho_phage_NPSG.2	137454	5mC	+	2	1	0	0	0	3	0.67	tricho_phage_NPSG.2:137454	tricho_phage_NPSG.2:137454-+	C	TATCGGTGTATGCGACATCATCAT	tricho_phage_NPSG.2:137454+		
246	127233	tricho_phage_NPSG.2	137530	5mC	+	3	0	0	0	0	3	1.0	tricho_phage_NPSG.2:137530	tricho_phage_NPSG.2:137530-+	C	ATCTTAAAAAAGCGATCGCGCGCT	tricho_phage_NPSG.2:137530+		
247	135268	tricho_phage_NPSG.2	143340	5mC	+	3	0	0	0	0	3	1.0	tricho_phage_NPSG.2:143340	tricho_phage_NPSG.2:143340-+	C	ATGAAGTGGAGGCGATCGCTACTT	tricho_phage_NPSG.2:143340+		
248	135823	tricho_phage_NPSG.2	143726	5mC	+	3	0	0	0	0	3	1.0	tricho_phage_NPSG.2:143726	tricho_phage_NPSG.2:143726-+	C	ATGAAGTGGAGGCGATCGCTACTT	tricho_phage_NPSG.2:143726+		
249	139940	tricho_phage_NPSG.2	146748	5mC	+	3	1	0	0	0	4	0.75	tricho_phage_NPSG.2:146748	tricho_phage_NPSG.2:146748-+	C	TAGTATAGTCAGCGAATACTTAGA	tricho_phage_NPSG.2:146748+		
250	140202	tricho_phage_NPSG.2	146933	5mC	+	4	0	0	0	0	4	1.0	tricho_phage_NPSG.2:146933	tricho_phage_NPSG.2:146933-+	C	ATAGATGCAAAGCGATCGCGGAAA	tricho_phage_NPSG.2:146933+		
251	141369	tricho_phage_NPSG.2	147750	5mC	+	2	1	0	0	0	3	0.67	tricho_phage_NPSG.2:147750	tricho_phage_NPSG.2:147750-+	C	AGCATATACTAGCGAGGAAAGAAA	tricho_phage_NPSG.2:147750+		
