Orthogroup	Cylindrospermopsis_raciborskii_virus_RM-2018a	Enterobacteria_phage_T4	Enterobacteria_phage_T7	Enterobacteria_phage_lambda	Microcystis_MaMV-DC	Microcystis_phage_LMM01	Microcystis_phage_Mae-JY29	Nodularia_phage_vB_NspS-kac65v162	Prochlorococcus_phage_P-SSM2	Prochlorococcus_phage_P-SSM4	Synechococcus_phage_S-PM2	Synechococcus_phage_S-RSM4	Synechococcus_phage_syn9	col_unified	slick_unified	Anabaena_phage_A-4L	Cyanophag_Syn5	Cyanophage_SS120-1	Planktothrix_phage_PaV-LD	Synechococcus_phage_P60	Synechococcus_phage_S-CBP42
OG0000000					gi|525337054|gb|AGR48700.1|, gi|525337056|gb|AGR48702.1|, gi|525337057|gb|AGR48703.1|, gi|525337061|gb|AGR48707.1|, gi|971764859|ref|YP_009217819.1|, gi|971764861|ref|YP_009217821.1|, gi|971764862|ref|YP_009217822.1|, gi|971764866|ref|YP_009217826.1|	gi|117165921|dbj|BAF36229.1|, gi|117165923|dbj|BAF36231.1|, gi|117165924|dbj|BAF36232.1|, gi|117165926|dbj|BAF36234.1|, gi|117165928|dbj|BAF36236.1|, gi|117165931|dbj|BAF36239.1|, gi|117165935|dbj|BAF36243.1|, gi|117165936|dbj|BAF36244.1|, gi|117165938|dbj|BAF36246.1|, gi|117165939|dbj|BAF36247.1|, gi|117530309|ref|YP_851152.1|, gi|117530311|ref|YP_851154.1|, gi|117530312|ref|YP_851155.1|, gi|117530314|ref|YP_851157.1|, gi|117530316|ref|YP_851159.1|, gi|117530319|ref|YP_851162.1|, gi|117530323|ref|YP_851166.1|, gi|117530324|ref|YP_851167.1|, gi|117530326|ref|YP_851169.1|, gi|117530327|ref|YP_851170.1|															
OG0000001									lcl|NC_006883.2_prot_YP_214253.1_17, lcl|NC_006883.2_prot_YP_214254.1_18, lcl|NC_006883.2_prot_YP_214265.1_29, lcl|NC_006883.2_prot_YP_214343.1_110, lcl|NC_006883.2_prot_YP_214350.1_117, lcl|NC_006883.2_prot_YP_214524.1_293, lcl|NC_006883.2_prot_YP_214532.1_301, lcl|NC_006883.2_prot_YP_214546.1_315	lcl|NC_006884.2_prot_YP_214588.1_29, lcl|NC_006884.2_prot_YP_214589.1_30, lcl|NC_006884.2_prot_YP_214591.1_32, lcl|NC_006884.2_prot_YP_214592.1_33, lcl|NC_006884.2_prot_YP_214593.1_34	lcl|NC_006820.1_prot_YP_195115.1_87, lcl|NC_006820.1_prot_YP_195120.1_92, lcl|NC_006820.1_prot_YP_195122.1_94, lcl|NC_006820.1_prot_YP_195210.1_180, lcl|NC_006820.1_prot_YP_195245.1_214, lcl|NC_006820.1_prot_YP_195253.1_223	lcl|NC_013085.1_prot_YP_003097272.1_38, lcl|NC_013085.1_prot_YP_003097380.1_146, lcl|NC_013085.1_prot_YP_003097382.1_148, lcl|NC_013085.1_prot_YP_003097385.1_151, lcl|NC_013085.1_prot_YP_003097448.1_214, lcl|NC_013085.1_prot_YP_003097459.1_225	lcl|NC_008296.2_prot_YP_717701.1_30, lcl|NC_008296.2_prot_YP_717702.1_31					lcl|NC_020872.1_prot_YP_007676873.1_27			
OG0000002		lcl|NC_000866.4_prot_NP_049654.1_39, lcl|NC_000866.4_prot_NP_049656.2_41	lcl|NC_001604.1_prot_NP_041975.1_22, lcl|NC_001604.1_prot_NP_041977.1_24		gi|525336927|gb|AGR48573.1|, gi|971764732|ref|YP_009217692.1|	gi|117165791|dbj|BAF36099.1|, gi|117530179|ref|YP_851022.1|			lcl|NC_006883.2_prot_YP_214417.1_184, lcl|NC_006883.2_prot_YP_214418.1_185	lcl|NC_006884.2_prot_YP_214708.1_162, lcl|NC_006884.2_prot_YP_214710.1_164	lcl|NC_006820.1_prot_YP_195169.1_140, lcl|NC_006820.1_prot_YP_195170.1_141	lcl|NC_013085.1_prot_YP_003097303.1_69, lcl|NC_013085.1_prot_YP_003097304.1_70	lcl|NC_008296.2_prot_YP_717845.1_171, lcl|NC_008296.2_prot_YP_717847.1_173			lcl|NC_024358.1_prot_YP_009042786.1_16	lcl|NC_009531.1_prot_YP_001285433.1_24	lcl|NC_020872.1_prot_YP_007676895.1_49	lcl|NC_016564.1_prot_YP_004957280.1_7	lcl|NC_003390.2_prot_NP_570328.1_14	lcl|NC_029031.1_prot_YP_009220233.1_45
OG0000003									lcl|NC_006883.2_prot_YP_214234.1_332, lcl|NC_006883.2_prot_YP_214289.1_53, lcl|NC_006883.2_prot_YP_214337.1_104, lcl|NC_006883.2_prot_YP_214368.1_135, lcl|NC_006883.2_prot_YP_214380.1_147, lcl|NC_006883.2_prot_YP_214387.1_154, lcl|NC_006883.2_prot_YP_214391.1_158, lcl|NC_006883.2_prot_YP_214392.1_159, lcl|NC_006883.2_prot_YP_214416.1_183, lcl|NC_006883.2_prot_YP_214450.1_217, lcl|NC_006883.2_prot_YP_214493.1_260, lcl|NC_006883.2_prot_YP_214545.1_314, lcl|NC_006883.2_prot_YP_214551.1_320	lcl|NC_006884.2_prot_YP_214603.1_45, lcl|NC_006884.2_prot_YP_214693.1_146, lcl|NC_006884.2_prot_YP_214737.1_198	lcl|NC_006820.1_prot_YP_195266.1_236	lcl|NC_013085.1_prot_YP_003097367.1_133, lcl|NC_013085.1_prot_YP_003097369.1_135, lcl|NC_013085.1_prot_YP_003097376.1_142, lcl|NC_013085.1_prot_YP_003097438.1_204	lcl|NC_008296.2_prot_YP_717712.1_41, lcl|NC_008296.2_prot_YP_717715.1_44, lcl|NC_008296.2_prot_YP_717727.1_56								
OG0000004									lcl|NC_006883.2_prot_YP_214503.1_270, lcl|NC_006883.2_prot_YP_214504.1_271, lcl|NC_006883.2_prot_YP_214505.1_272, lcl|NC_006883.2_prot_YP_214506.1_273, lcl|NC_006883.2_prot_YP_214507.1_274, lcl|NC_006883.2_prot_YP_214510.1_278	lcl|NC_006884.2_prot_YP_214738.1_199, lcl|NC_006884.2_prot_YP_214739.1_200, lcl|NC_006884.2_prot_YP_214740.1_201, lcl|NC_006884.2_prot_YP_214741.1_202	lcl|NC_006820.1_prot_YP_195205.1_175, lcl|NC_006820.1_prot_YP_195207.1_177	lcl|NC_013085.1_prot_YP_003097258.1_24, lcl|NC_013085.1_prot_YP_003097262.1_28	lcl|NC_008296.2_prot_YP_717878.1_204, lcl|NC_008296.2_prot_YP_717879.1_205								lcl|NC_029031.1_prot_YP_009220205.1_17
OG0000005	gi|1444393997|gb|AXK90473.1|				gi|525337046|gb|AGR48692.1|, gi|971764851|ref|YP_009217811.1|	gi|117165814|dbj|BAF36122.1|, gi|117165918|dbj|BAF36226.1|, gi|117530202|ref|YP_851045.1|, gi|117530306|ref|YP_851149.1|		gi|1603722262|gb|QBQ73449.1|, gi|1603722339|gb|QBQ73526.1|, gi|1603722348|gb|QBQ73535.1|, gi|1603722429|gb|QBQ73616.1|, gi|1603722450|gb|QBQ73637.1|						RUBFNVFB_CDS_0043, RUBFNVFB_CDS_0108	SHDOJQCQ_CDS_0046, SHDOJQCQ_CDS_0117						
OG0000006	gi|1444393939|gb|AXK90415.1|	lcl|NC_000866.4_prot_NP_049776.1_163, lcl|NC_000866.4_prot_NP_049777.1_164, lcl|NC_000866.4_prot_NP_049778.1_165, lcl|NC_000866.4_prot_NP_049779.1_166						gi|1603722266|gb|QBQ73453.1|	lcl|NC_006883.2_prot_YP_214360.1_127	lcl|NC_006884.2_prot_YP_214662.1_115	lcl|NC_006820.1_prot_YP_195134.1_106	lcl|NC_013085.1_prot_YP_003097347.1_113	lcl|NC_008296.2_prot_YP_717790.1_122	RUBFNVFB_CDS_0150	SHDOJQCQ_CDS_0166						
OG0000007		lcl|NC_000866.4_prot_NP_049766.1_153							lcl|NC_006883.2_prot_YP_214344.1_111	lcl|NC_006884.2_prot_YP_214641.1_94, lcl|NC_006884.2_prot_YP_214643.1_96, lcl|NC_006884.2_prot_YP_214644.1_97, lcl|NC_006884.2_prot_YP_214648.1_101	lcl|NC_006820.1_prot_YP_195117.1_89	lcl|NC_013085.1_prot_YP_003097384.1_150	lcl|NC_008296.2_prot_YP_717768.1_97, lcl|NC_008296.2_prot_YP_717770.1_99, lcl|NC_008296.2_prot_YP_717771.1_100, lcl|NC_008296.2_prot_YP_717775.1_104						lcl|NC_016564.1_prot_YP_004957317.1_44		
OG0000008		lcl|NC_000866.4_prot_NP_049845.1_234			gi|525336925|gb|AGR48571.1|, gi|971764730|ref|YP_009217690.1|	gi|117165789|dbj|BAF36097.1|, gi|117530177|ref|YP_851020.1|, gi|86990303|dbj|BAE79255.1|			lcl|NC_006883.2_prot_YP_214439.1_206	lcl|NC_006884.2_prot_YP_214727.1_181	lcl|NC_006820.1_prot_YP_195185.1_156	lcl|NC_013085.1_prot_YP_003097287.1_53	lcl|NC_008296.2_prot_YP_717863.1_189				lcl|NC_009531.1_prot_YP_001285442.1_33	lcl|NC_020872.1_prot_YP_007676889.1_43			
OG0000009					gi|525337070|gb|AGR48716.1|, gi|971764875|ref|YP_009217835.1|	gi|117165947|dbj|BAF36255.1|, gi|117530335|ref|YP_851178.1|			lcl|NC_006883.2_prot_YP_214355.1_122, lcl|NC_006883.2_prot_YP_214427.1_194	lcl|NC_006884.2_prot_YP_214717.1_171, lcl|NC_006884.2_prot_YP_214721.1_174	lcl|NC_006820.1_prot_YP_195177.1_148	lcl|NC_013085.1_prot_YP_003097295.1_61, lcl|NC_013085.1_prot_YP_003097357.1_123	lcl|NC_008296.2_prot_YP_717781.1_110, lcl|NC_008296.2_prot_YP_717855.1_181								
OG0000010		lcl|NC_000866.4_prot_NP_049648.1_33			gi|525337051|gb|AGR48697.1|, gi|971764856|ref|YP_009217816.1|	gi|117165917|dbj|BAF36225.1|, gi|117530305|ref|YP_851148.1|			lcl|NC_006883.2_prot_YP_214438.1_205	lcl|NC_006884.2_prot_YP_214726.1_180	lcl|NC_006820.1_prot_YP_195184.1_155	lcl|NC_013085.1_prot_YP_003097288.1_54	lcl|NC_008296.2_prot_YP_717862.1_188	RUBFNVFB_CDS_0107	SHDOJQCQ_CDS_0114						
OG0000011									lcl|NC_006883.2_prot_YP_214263.1_27, lcl|NC_006883.2_prot_YP_214340.1_107, lcl|NC_006883.2_prot_YP_214476.1_243	lcl|NC_006884.2_prot_YP_214671.1_124, lcl|NC_006884.2_prot_YP_214709.1_163	lcl|NC_006820.1_prot_YP_195252.1_222, lcl|NC_006820.1_prot_YP_195260.2_230	lcl|NC_013085.1_prot_YP_003097257.1_23, lcl|NC_013085.1_prot_YP_003097375.1_141, lcl|NC_013085.1_prot_YP_003097444.1_210	lcl|NC_008296.2_prot_YP_717717.1_46, lcl|NC_008296.2_prot_YP_717846.1_172								
OG0000012		lcl|NC_000866.4_prot_NP_049645.1_30, lcl|NC_000866.4_prot_NP_049657.1_42, lcl|NC_000866.4_prot_NP_049745.2_132, lcl|NC_000866.4_prot_NP_049761.1_148, lcl|NC_000866.4_prot_NP_049788.2_176, lcl|NC_000866.4_prot_NP_049795.1_183, lcl|NC_000866.4_prot_NP_049849.3_238							lcl|NC_006883.2_prot_YP_214449.1_216	lcl|NC_006884.2_prot_YP_004030782.1_194		lcl|NC_013085.1_prot_YP_003097284.1_50	lcl|NC_008296.2_prot_YP_717872.1_198								
OG0000013		lcl|NC_000866.4_prot_NP_049841.1_230			gi|525336921|gb|AGR48567.1|, gi|971764726|ref|YP_009217686.1|	gi|117165785|dbj|BAF36093.1|, gi|117530173|ref|YP_851016.1|, gi|86990305|dbj|BAE79256.1|			lcl|NC_006883.2_prot_YP_214440.1_207	lcl|NC_006884.2_prot_YP_214728.1_182	lcl|NC_006820.1_prot_YP_195186.1_157	lcl|NC_013085.1_prot_YP_003097286.1_52	lcl|NC_008296.2_prot_YP_717864.1_190								
OG0000014								gi|1603722421|gb|QBQ73608.1|	lcl|NC_006883.2_prot_YP_214554.1_323	lcl|NC_006884.2_prot_YP_214756.1_217	lcl|NC_006820.1_prot_YP_195228.2_197	lcl|NC_013085.1_prot_YP_003097240.1_6	lcl|NC_008296.2_prot_YP_717897.1_223	RUBFNVFB_CDS_0137	SHDOJQCQ_CDS_0148		lcl|NC_009531.1_prot_YP_001285470.1_61		lcl|NC_016564.1_prot_YP_004957388.1_115	lcl|NC_003390.2_prot_NP_570363.1_50	
OG0000015								gi|1603722337|gb|QBQ73524.1|											lcl|NC_016564.1_prot_YP_004957334.1_61, lcl|NC_016564.1_prot_YP_004957335.1_62, lcl|NC_016564.1_prot_YP_004957338.1_65, lcl|NC_016564.1_prot_YP_004957339.1_66, lcl|NC_016564.1_prot_YP_004957351.1_78, lcl|NC_016564.1_prot_YP_004957352.1_79, lcl|NC_016564.1_prot_YP_004957353.1_80, lcl|NC_016564.1_prot_YP_004957354.1_81, lcl|NC_016564.1_prot_YP_004957356.1_83, lcl|NC_016564.1_prot_YP_004957358.1_85		
OG0000016		lcl|NC_000866.4_prot_NP_049665.1_50			gi|525337075|gb|AGR48721.1|, gi|971764880|ref|YP_009217840.1|	gi|117165952|dbj|BAF36260.1|, gi|117530340|ref|YP_851183.1|			lcl|NC_006883.2_prot_YP_214393.1_160	lcl|NC_006884.2_prot_YP_214689.1_142	lcl|NC_006820.1_prot_YP_195157.2_128	lcl|NC_013085.1_prot_YP_003097317.1_83	lcl|NC_008296.2_prot_YP_717826.1_152								
OG0000017		lcl|NC_000866.4_prot_NP_049796.1_184			gi|525337072|gb|AGR48718.1|, gi|971764877|ref|YP_009217837.1|	gi|117165949|dbj|BAF36257.1|, gi|117530337|ref|YP_851180.1|			lcl|NC_006883.2_prot_YP_214374.1_141	lcl|NC_006884.2_prot_YP_214677.1_130	lcl|NC_006820.1_prot_YP_195146.1_118	lcl|NC_013085.1_prot_YP_003097331.1_97	lcl|NC_008296.2_prot_YP_717811.1_138								
OG0000018					gi|525337055|gb|AGR48701.1|, gi|525337060|gb|AGR48706.1|, gi|971764860|ref|YP_009217820.1|, gi|971764865|ref|YP_009217825.1|	gi|117165925|dbj|BAF36233.1|, gi|117165927|dbj|BAF36235.1|, gi|117165937|dbj|BAF36245.1|, gi|117530313|ref|YP_851156.1|, gi|117530315|ref|YP_851158.1|, gi|117530325|ref|YP_851168.1|															
OG0000019					gi|525337028|gb|AGR48674.1|, gi|971764833|ref|YP_009217793.1|	gi|117165892|dbj|BAF36200.1|, gi|117530280|ref|YP_851123.1|			lcl|NC_006883.2_prot_YP_214345.1_112, lcl|NC_006883.2_prot_YP_214496.1_263	lcl|NC_006884.2_prot_YP_214645.2_98	lcl|NC_006820.1_prot_YP_195118.1_90	lcl|NC_013085.1_prot_YP_003097383.1_149	lcl|NC_008296.2_prot_YP_717772.1_101								
OG0000020									lcl|NC_006883.2_prot_YP_214255.1_19, lcl|NC_006883.2_prot_YP_214256.1_20, lcl|NC_006883.2_prot_YP_214258.1_22, lcl|NC_006883.2_prot_YP_214259.1_23, lcl|NC_006883.2_prot_YP_214260.1_24, lcl|NC_006883.2_prot_YP_214526.1_295, lcl|NC_006883.2_prot_YP_214527.1_296, lcl|NC_006883.2_prot_YP_214529.1_298			lcl|NC_013085.1_prot_YP_003097274.1_40, lcl|NC_013085.1_prot_YP_003097275.1_41									
OG0000021		lcl|NC_000866.4_prot_NP_049649.1_34, lcl|NC_000866.4_prot_NP_049787.1_175							lcl|NC_006883.2_prot_YP_214367.1_134	lcl|NC_006884.2_prot_YP_214669.1_122, lcl|NC_006884.2_prot_YP_214724.1_178	lcl|NC_006820.1_prot_YP_195142.1_114	lcl|NC_013085.1_prot_YP_003097339.1_105	lcl|NC_008296.2_prot_YP_717802.1_129, lcl|NC_008296.2_prot_YP_717860.1_186								
OG0000022		lcl|NC_000866.4_prot_NP_049767.1_154, lcl|NC_000866.4_prot_NP_049768.1_155			gi|525337024|gb|AGR48670.1|, gi|971764829|ref|YP_009217789.1|	gi|117165888|dbj|BAF36196.1|, gi|117530276|ref|YP_851119.1|	gi|2725671166|gb|XAI96269.1|			lcl|NC_006884.2_prot_YP_214642.1_95			lcl|NC_008296.2_prot_YP_717769.1_98								
OG0000023					gi|525337088|gb|AGR48734.1|, gi|971764893|ref|YP_009217853.1|	gi|117165966|dbj|BAF36274.1|, gi|117530354|ref|YP_851197.1|			lcl|NC_006883.2_prot_YP_214558.1_327	lcl|NC_006884.2_prot_YP_214758.1_219	lcl|NC_006820.1_prot_YP_195230.1_199	lcl|NC_013085.1_prot_YP_003097238.1_4	lcl|NC_008296.2_prot_YP_717900.1_226								
OG0000024					gi|525337015|gb|AGR48661.1|, gi|971764820|ref|YP_009217780.1|	gi|117165878|dbj|BAF36186.1|, gi|117530266|ref|YP_851109.1|					lcl|NC_006820.1_prot_YP_195242.1_211, lcl|NC_006820.1_prot_YP_195243.1_212	lcl|NC_013085.1_prot_YP_003097462.1_228				lcl|NC_024358.1_prot_YP_009042798.1_28			lcl|NC_016564.1_prot_YP_004957396.1_123		
OG0000025									lcl|NC_006883.2_prot_YP_214286.1_50, lcl|NC_006883.2_prot_YP_214336.1_103, lcl|NC_006883.2_prot_YP_214466.1_233, lcl|NC_006883.2_prot_YP_214556.1_325	lcl|NC_006884.2_prot_YP_214597.1_38, lcl|NC_006884.2_prot_YP_214638.1_90		lcl|NC_013085.1_prot_YP_003097372.1_138	lcl|NC_008296.2_prot_YP_717718.1_47, lcl|NC_008296.2_prot_YP_717720.1_49								
OG0000026									lcl|NC_006883.2_prot_YP_214516.1_285	lcl|NC_006884.2_prot_YP_214746.1_207, lcl|NC_006884.2_prot_YP_214747.1_208	lcl|NC_006820.1_prot_YP_195211.1_181, lcl|NC_006820.1_prot_YP_195214.1_184	lcl|NC_013085.1_prot_YP_003097254.1_20, lcl|NC_013085.1_prot_YP_003097255.1_21	lcl|NC_008296.2_prot_YP_717885.1_211, lcl|NC_008296.2_prot_YP_717887.1_213								
OG0000027		lcl|NC_000866.4_prot_NP_049669.1_54							lcl|NC_006883.2_prot_YP_214379.1_146	lcl|NC_006884.2_prot_YP_214682.1_135	lcl|NC_006820.1_prot_YP_195153.1_124	lcl|NC_013085.1_prot_YP_003097325.1_91	lcl|NC_008296.2_prot_YP_717818.1_144	RUBFNVFB_CDS_0140	SHDOJQCQ_CDS_0151						
OG0000028					gi|525336990|gb|AGR48636.1|, gi|971764795|ref|YP_009217755.1|	gi|117165851|dbj|BAF36159.1|, gi|117165852|dbj|BAF36160.1|, gi|117530239|ref|YP_851082.1|, gi|117530240|ref|YP_851083.1|														lcl|NC_003390.2_prot_NP_570362.2_37	lcl|NC_029031.1_prot_YP_009220199.1_11
OG0000029					gi|525336949|gb|AGR48595.1|, gi|525336956|gb|AGR48602.1|, gi|525336957|gb|AGR48603.1|, gi|525336958|gb|AGR48604.1|, gi|971764754|ref|YP_009217714.1|, gi|971764761|ref|YP_009217721.1|, gi|971764762|ref|YP_009217722.1|, gi|971764763|ref|YP_009217723.1|																
OG0000030									lcl|NC_006883.2_prot_YP_214412.1_179, lcl|NC_006883.2_prot_YP_214413.1_180	lcl|NC_006884.2_prot_YP_214705.1_158, lcl|NC_006884.2_prot_YP_214706.2_159	lcl|NC_006820.1_prot_YP_195166.1_137	lcl|NC_013085.1_prot_YP_003097309.1_75	lcl|NC_008296.2_prot_YP_717841.1_167, lcl|NC_008296.2_prot_YP_717842.1_168								
OG0000031		lcl|NC_000866.4_prot_NP_049647.1_32							lcl|NC_006883.2_prot_YP_214397.1_164	lcl|NC_006884.2_prot_YP_214690.1_143	lcl|NC_006820.1_prot_YP_195160.1_131, lcl|NC_006820.1_prot_YP_195161.1_132	lcl|NC_013085.1_prot_YP_003097314.1_80	lcl|NC_008296.2_prot_YP_717828.1_154								
OG0000032		lcl|NC_000866.4_prot_NP_049785.1_172, lcl|NC_000866.4_prot_NP_813810.1_173							lcl|NC_006883.2_prot_YP_214365.1_132	lcl|NC_006884.2_prot_YP_214667.1_120	lcl|NC_006820.1_prot_YP_195140.1_112	lcl|NC_013085.1_prot_YP_003097341.1_107	lcl|NC_008296.2_prot_YP_717800.1_127								
OG0000033		lcl|NC_000866.4_prot_NP_049859.1_248	lcl|NC_001604.1_prot_NP_041988.1_35								lcl|NC_006820.1_prot_YP_195220.1_189						lcl|NC_009531.1_prot_YP_001285438.1_29	lcl|NC_020872.1_prot_YP_007676892.1_46		lcl|NC_003390.2_prot_NP_570332.1_18	lcl|NC_029031.1_prot_YP_009220236.1_48
OG0000034			lcl|NC_001604.1_prot_NP_041997.1_44, lcl|NC_001604.1_prot_NP_041998.1_45													lcl|NC_024358.1_prot_YP_009042803.1_33	lcl|NC_009531.1_prot_YP_001285448.1_39	lcl|NC_020872.1_prot_YP_007676882.1_36		lcl|NC_003390.2_prot_YP_009173806.1_28	lcl|NC_029031.1_prot_YP_009220191.1_3
OG0000035					gi|525337086|gb|AGR48732.1|, gi|971764891|ref|YP_009217851.1|	gi|117165964|dbj|BAF36272.1|, gi|117530352|ref|YP_851195.1|		gi|1603722420|gb|QBQ73607.1|						RUBFNVFB_CDS_0092	SHDOJQCQ_CDS_0097						
OG0000036	gi|1444394034|gb|AXK90510.1|						gi|2725671140|gb|XAI96243.1|		lcl|NC_006883.2_prot_YP_214273.1_37, lcl|NC_006883.2_prot_YP_214300.1_64	lcl|NC_006884.2_prot_YP_214609.1_52			lcl|NC_008296.2_prot_YP_717729.1_58								
OG0000037		lcl|NC_000866.4_prot_NP_049662.1_47							lcl|NC_006883.2_prot_YP_214414.1_181	lcl|NC_006884.2_prot_YP_214707.1_160	lcl|NC_006820.1_prot_YP_195168.1_139	lcl|NC_013085.1_prot_YP_003097306.1_72	lcl|NC_008296.2_prot_YP_717843.1_169								
OG0000038		lcl|NC_000866.4_prot_NP_049663.1_48							lcl|NC_006883.2_prot_YP_214404.1_171	lcl|NC_006884.2_prot_YP_214692.1_145	lcl|NC_006820.1_prot_YP_195164.1_135	lcl|NC_013085.1_prot_YP_003097311.1_77	lcl|NC_008296.2_prot_YP_717830.1_156								
OG0000039		lcl|NC_000866.4_prot_NP_049666.1_51							lcl|NC_006883.2_prot_YP_214389.1_156	lcl|NC_006884.2_prot_YP_214687.1_140	lcl|NC_006820.1_prot_YP_195156.1_127	lcl|NC_013085.1_prot_YP_003097320.1_86	lcl|NC_008296.2_prot_YP_717825.1_151								
OG0000040		lcl|NC_000866.4_prot_NP_049672.1_57							lcl|NC_006883.2_prot_YP_214377.1_144	lcl|NC_006884.2_prot_YP_214680.1_133	lcl|NC_006820.1_prot_YP_195150.1_122	lcl|NC_013085.1_prot_YP_003097327.1_93	lcl|NC_008296.2_prot_YP_717816.1_142								
OG0000041		lcl|NC_000866.4_prot_NP_049679.1_65							lcl|NC_006883.2_prot_YP_214376.1_143	lcl|NC_006884.2_prot_YP_214679.1_132	lcl|NC_006820.1_prot_YP_195148.1_120	lcl|NC_013085.1_prot_YP_003097329.1_95	lcl|NC_008296.2_prot_YP_717814.2_140								
OG0000042		lcl|NC_000866.4_prot_NP_049753.1_140							lcl|NC_006883.2_prot_YP_214369.1_136	lcl|NC_006884.2_prot_YP_214672.1_125	lcl|NC_006820.1_prot_YP_195144.1_116	lcl|NC_013085.1_prot_YP_003097333.1_99	lcl|NC_008296.2_prot_YP_717807.1_134								
OG0000043		lcl|NC_000866.4_prot_NP_049755.1_142							lcl|NC_006883.2_prot_YP_214244.1_8	lcl|NC_006884.2_prot_YP_214573.1_12	lcl|NC_006820.1_prot_YP_195238.1_207	lcl|NC_013085.1_prot_YP_003097466.1_232	lcl|NC_008296.2_prot_YP_717682.1_11								
OG0000044		lcl|NC_000866.4_prot_NP_049756.1_143							lcl|NC_006883.2_prot_YP_214241.1_5	lcl|NC_006884.2_prot_YP_214571.1_10	lcl|NC_006820.1_prot_YP_195235.1_204	lcl|NC_013085.1_prot_YP_003097469.1_235	lcl|NC_008296.2_prot_YP_717680.1_9								
OG0000045		lcl|NC_000866.4_prot_NP_049764.1_151							lcl|NC_006883.2_prot_YP_214342.1_109	lcl|NC_006884.2_prot_YP_214640.1_93	lcl|NC_006820.1_prot_YP_195114.1_86	lcl|NC_013085.1_prot_YP_003097386.1_152	lcl|NC_008296.2_prot_YP_717767.1_96								
OG0000046		lcl|NC_000866.4_prot_NP_049772.1_159							lcl|NC_006883.2_prot_YP_214352.1_119	lcl|NC_006884.2_prot_YP_214649.1_102	lcl|NC_006820.1_prot_YP_195127.1_99	lcl|NC_013085.1_prot_YP_003097363.1_129	lcl|NC_008296.2_prot_YP_717776.1_105								
OG0000047		lcl|NC_000866.4_prot_NP_049773.1_160							lcl|NC_006883.2_prot_YP_214353.1_120	lcl|NC_006884.2_prot_YP_214650.1_103	lcl|NC_006820.1_prot_YP_195128.1_100	lcl|NC_013085.1_prot_YP_003097362.1_128	lcl|NC_008296.2_prot_YP_717777.1_106								
OG0000048		lcl|NC_000866.4_prot_NP_049774.1_161							lcl|NC_006883.2_prot_YP_214354.1_121	lcl|NC_006884.2_prot_YP_214651.2_104	lcl|NC_006820.1_prot_YP_195129.1_101	lcl|NC_013085.1_prot_YP_003097361.1_127	lcl|NC_008296.2_prot_YP_717778.1_107								
OG0000049		lcl|NC_000866.4_prot_NP_049780.1_167							lcl|NC_006883.2_prot_YP_214361.1_128	lcl|NC_006884.2_prot_YP_214663.1_116	lcl|NC_006820.1_prot_YP_195136.1_108	lcl|NC_013085.1_prot_YP_003097345.1_111	lcl|NC_008296.2_prot_YP_001604090.1_123								
OG0000050		lcl|NC_000866.4_prot_NP_049781.1_168							lcl|NC_006883.2_prot_YP_214362.1_129	lcl|NC_006884.2_prot_YP_214664.1_117	lcl|NC_006820.1_prot_YP_195137.1_109	lcl|NC_013085.1_prot_YP_003097344.1_110	lcl|NC_008296.2_prot_YP_717797.1_124								
OG0000051		lcl|NC_000866.4_prot_NP_049782.1_169							lcl|NC_006883.2_prot_YP_214363.1_130	lcl|NC_006884.2_prot_YP_214665.1_118	lcl|NC_006820.1_prot_YP_195138.1_110	lcl|NC_013085.1_prot_YP_003097343.1_109	lcl|NC_008296.2_prot_YP_717798.1_125								
OG0000052		lcl|NC_000866.4_prot_NP_049786.1_174							lcl|NC_006883.2_prot_YP_214366.1_133	lcl|NC_006884.2_prot_YP_214668.1_121	lcl|NC_006820.1_prot_YP_195141.1_113	lcl|NC_013085.1_prot_YP_003097340.1_106	lcl|NC_008296.2_prot_YP_717801.1_128								
OG0000053		lcl|NC_000866.4_prot_NP_049799.2_187							lcl|NC_006883.2_prot_YP_214370.1_137	lcl|NC_006884.2_prot_YP_214674.1_127	lcl|NC_006820.1_prot_YP_195145.1_117	lcl|NC_013085.1_prot_YP_003097332.1_98	lcl|NC_008296.2_prot_YP_717809.1_136								
OG0000054		lcl|NC_000866.4_prot_NP_049800.1_188							lcl|NC_006883.2_prot_YP_214341.1_108	lcl|NC_006884.2_prot_YP_214639.1_92	lcl|NC_006820.1_prot_YP_195113.1_85	lcl|NC_013085.1_prot_YP_003097387.1_153	lcl|NC_008296.2_prot_YP_717766.1_95								
OG0000055		lcl|NC_000866.4_prot_NP_049854.1_243							lcl|NC_006883.2_prot_YP_214240.1_4	lcl|NC_006884.2_prot_YP_214565.1_3	lcl|NC_006820.1_prot_YP_195234.1_203	lcl|NC_013085.1_prot_YP_003097471.1_237	lcl|NC_008296.2_prot_YP_717676.1_5								
OG0000056		lcl|NC_000866.4_prot_NP_049857.1_246							lcl|NC_006883.2_prot_YP_214233.1_331	lcl|NC_006884.2_prot_YP_214562.1_221	lcl|NC_006820.1_prot_YP_195232.1_201	lcl|NC_013085.1_prot_YP_003097236.1_2	lcl|NC_008296.2_prot_YP_717673.1_2								
OG0000057			lcl|NC_001604.1_prot_NP_041972.1_19													lcl|NC_024358.1_prot_YP_009042787.1_17	lcl|NC_009531.1_prot_YP_001285431.1_22	lcl|NC_020872.1_prot_YP_007676897.1_51		lcl|NC_003390.2_prot_YP_009173799.1_12	lcl|NC_029031.1_prot_YP_009220231.1_43
OG0000058					gi|525337085|gb|AGR48731.1|, gi|971764890|ref|YP_009217850.1|	gi|117165963|dbj|BAF36271.1|, gi|117530351|ref|YP_851194.1|								RUBFNVFB_CDS_0080	SHDOJQCQ_CDS_0083						
OG0000059					gi|525337059|gb|AGR48705.1|, gi|971764864|ref|YP_009217824.1|	gi|117165920|dbj|BAF36228.1|, gi|117165934|dbj|BAF36242.1|, gi|117530308|ref|YP_851151.1|, gi|117530322|ref|YP_851165.1|															
OG0000060					gi|525336982|gb|AGR48628.1|, gi|971764787|ref|YP_009217747.1|	gi|117165845|dbj|BAF36153.1|, gi|117530233|ref|YP_851076.1|								RUBFNVFB_CDS_0002	SHDOJQCQ_CDS_0003						
OG0000061					gi|525336959|gb|AGR48605.1|, gi|971764764|ref|YP_009217724.1|	gi|117165820|dbj|BAF36128.1|, gi|117165821|dbj|BAF36129.1|, gi|117530208|ref|YP_851051.1|, gi|117530209|ref|YP_851052.1|															
OG0000062						gi|117165807|dbj|BAF36115.1|, gi|117530195|ref|YP_851038.1|		gi|1603722270|gb|QBQ73457.1|, gi|1603722320|gb|QBQ73507.1|											lcl|NC_016564.1_prot_YP_004957337.1_64, lcl|NC_016564.1_prot_YP_004957378.1_105		
OG0000063									lcl|NC_006883.2_prot_YP_214284.1_48	lcl|NC_006884.2_prot_YP_004030777.1_185, lcl|NC_006884.2_prot_YP_214657.1_110	lcl|NC_006820.1_prot_YP_195247.1_216	lcl|NC_013085.1_prot_YP_003097455.1_221	lcl|NC_008296.2_prot_YP_717805.1_132								
OG0000064									lcl|NC_006883.2_prot_YP_214313.1_77, lcl|NC_006883.2_prot_YP_214314.1_78	lcl|NC_006884.2_prot_YP_214617.1_60	lcl|NC_006820.1_prot_YP_195103.2_68	lcl|NC_013085.1_prot_YP_003097397.1_163	lcl|NC_008296.2_prot_YP_717749.1_78								
OG0000065									lcl|NC_006883.2_prot_YP_214432.1_199	lcl|NC_006884.2_prot_YP_214722.1_175	lcl|NC_006820.1_prot_YP_195179.1_150	lcl|NC_013085.1_prot_YP_003097293.1_59	lcl|NC_008296.2_prot_YP_717857.1_183					lcl|NC_020872.1_prot_YP_007676865.1_19			
OG0000066									lcl|NC_006883.2_prot_YP_214555.1_324, lcl|NC_006883.2_prot_YP_214557.1_326	lcl|NC_006884.2_prot_YP_214757.2_218	lcl|NC_006820.1_prot_YP_195229.1_198	lcl|NC_013085.1_prot_YP_003097239.1_5	lcl|NC_008296.2_prot_YP_717899.1_225								
OG0000067											lcl|NC_006820.1_prot_YP_195254.1_224, lcl|NC_006820.1_prot_YP_195255.1_225, lcl|NC_006820.1_prot_YP_195259.1_229	lcl|NC_013085.1_prot_YP_003097445.1_211, lcl|NC_013085.1_prot_YP_003097446.1_212, lcl|NC_013085.1_prot_YP_003097447.1_213									
OG0000068	gi|1444393996|gb|AXK90472.1|							gi|1603722430|gb|QBQ73617.1|						RUBFNVFB_CDS_0061	SHDOJQCQ_CDS_0064					lcl|NC_003390.2_prot_YP_009173804.1_23	
OG0000069		lcl|NC_000866.4_prot_NP_049616.1_1			gi|525336920|gb|AGR48566.1|, gi|971764725|ref|YP_009217685.1|	gi|117165784|dbj|BAF36092.1|, gi|117530172|ref|YP_851015.1|															
OG0000070		lcl|NC_000866.4_prot_NP_049620.1_5, lcl|NC_000866.4_prot_NP_049674.1_60, lcl|NC_000866.4_prot_NP_049689.1_75, lcl|NC_000866.4_prot_NP_049710.1_96, lcl|NC_000866.4_prot_NP_049844.1_233																			
OG0000071		lcl|NC_000866.4_prot_NP_049736.1_123, lcl|NC_000866.4_prot_NP_049757.1_144							lcl|NC_006883.2_prot_YP_214251.1_15	lcl|NC_006884.2_prot_YP_214582.1_23			lcl|NC_008296.2_prot_YP_717691.1_20								
OG0000072			lcl|NC_001604.1_prot_NP_041960.1_7														lcl|NC_009531.1_prot_YP_001285424.1_15	lcl|NC_020872.1_prot_YP_007676852.1_6		lcl|NC_003390.2_prot_YP_009173795.1_7	lcl|NC_029031.1_prot_YP_009220226.1_38
OG0000073			lcl|NC_001604.1_prot_NP_041982.1_29													lcl|NC_024358.1_prot_YP_009042789.1_19	lcl|NC_009531.1_prot_YP_001285436.1_27	lcl|NC_020872.1_prot_YP_007676894.1_48		lcl|NC_003390.2_prot_NP_570330.1_16	
OG0000074			lcl|NC_001604.1_prot_NP_041999.1_46														lcl|NC_009531.1_prot_YP_001285449.1_40	lcl|NC_020872.1_prot_YP_007676881.1_35		lcl|NC_003390.2_prot_YP_009173807.1_29	lcl|NC_029031.1_prot_YP_009220192.1_4
OG0000075					gi|525337074|gb|AGR48720.1|, gi|971764879|ref|YP_009217839.1|	gi|117165951|dbj|BAF36259.1|, gi|117530339|ref|YP_851182.1|													lcl|NC_016564.1_prot_YP_004957394.1_121		
OG0000076					gi|525337043|gb|AGR48689.1|, gi|971764848|ref|YP_009217808.1|	gi|117165909|dbj|BAF36217.1|, gi|117530297|ref|YP_851140.1|													lcl|NC_016564.1_prot_YP_004957392.1_119		
OG0000077					gi|525337011|gb|AGR48657.1|, gi|971764816|ref|YP_009217776.1|	gi|117165874|dbj|BAF36182.1|, gi|117530262|ref|YP_851105.1|, gi|86990307|dbj|BAE79257.1|															
OG0000078					gi|525336924|gb|AGR48570.1|, gi|971764729|ref|YP_009217689.1|	gi|117165788|dbj|BAF36096.1|, gi|117530176|ref|YP_851019.1|													lcl|NC_016564.1_prot_YP_004957295.1_22		
OG0000079									lcl|NC_006883.2_prot_YP_214242.1_6	lcl|NC_006884.2_prot_YP_214572.2_11	lcl|NC_006820.1_prot_YP_195236.1_205	lcl|NC_013085.1_prot_YP_003097468.1_234	lcl|NC_008296.2_prot_YP_717681.1_10								
OG0000080									lcl|NC_006883.2_prot_YP_214245.1_9	lcl|NC_006884.2_prot_YP_214574.1_13	lcl|NC_006820.1_prot_YP_195239.1_208	lcl|NC_013085.1_prot_YP_003097465.1_231	lcl|NC_008296.2_prot_YP_717683.1_12								
OG0000081									lcl|NC_006883.2_prot_YP_214246.1_10	lcl|NC_006884.2_prot_YP_214575.1_14	lcl|NC_006820.1_prot_YP_195240.1_209	lcl|NC_013085.1_prot_YP_003097464.1_230	lcl|NC_008296.2_prot_YP_717684.1_13								
OG0000082									lcl|NC_006883.2_prot_YP_214247.1_11	lcl|NC_006884.2_prot_YP_004030760.1_15	lcl|NC_006820.1_prot_YP_195241.1_210	lcl|NC_013085.1_prot_YP_003097463.1_229	lcl|NC_008296.2_prot_YP_717685.1_14								
OG0000083									lcl|NC_006883.2_prot_YP_214250.1_14	lcl|NC_006884.2_prot_YP_214578.2_18	lcl|NC_006820.1_prot_YP_195244.1_213	lcl|NC_013085.1_prot_YP_003097461.1_227	lcl|NC_008296.2_prot_YP_717688.1_17								
OG0000084									lcl|NC_006883.2_prot_YP_214304.1_67	lcl|NC_006884.2_prot_YP_214625.1_68	lcl|NC_006820.1_prot_YP_195090.1_56	lcl|NC_013085.1_prot_YP_003097421.1_187	lcl|NC_008296.2_prot_YP_717736.1_65								
OG0000085									lcl|NC_006883.2_prot_YP_214307.1_71	lcl|NC_006884.2_prot_YP_214715.1_169	lcl|NC_006820.1_prot_YP_195173.1_144	lcl|NC_013085.1_prot_YP_003097298.1_64	lcl|NC_008296.2_prot_YP_717853.1_179								
OG0000086									lcl|NC_006883.2_prot_YP_214356.1_123	lcl|NC_006884.2_prot_YP_214652.1_105	lcl|NC_006820.1_prot_YP_195130.1_102	lcl|NC_013085.1_prot_YP_003097360.1_126	lcl|NC_008296.2_prot_YP_717779.1_108								
OG0000087									lcl|NC_006883.2_prot_YP_214375.1_142	lcl|NC_006884.2_prot_YP_214678.1_131	lcl|NC_006820.1_prot_YP_195147.1_119	lcl|NC_013085.1_prot_YP_003097330.1_96	lcl|NC_008296.2_prot_YP_717812.1_139								
OG0000088									lcl|NC_006883.2_prot_YP_214378.1_145	lcl|NC_006884.2_prot_YP_214681.1_134	lcl|NC_006820.1_prot_YP_195152.1_123	lcl|NC_013085.1_prot_YP_003097326.1_92	lcl|NC_008296.2_prot_YP_717817.1_143								
OG0000089									lcl|NC_006883.2_prot_YP_214382.1_149	lcl|NC_006884.2_prot_YP_214683.1_136	lcl|NC_006820.1_prot_YP_195154.1_125	lcl|NC_013085.1_prot_YP_003097324.1_90	lcl|NC_008296.2_prot_YP_717820.1_146								
OG0000090									lcl|NC_006883.2_prot_YP_214386.1_153	lcl|NC_006884.2_prot_YP_214685.1_138	lcl|NC_006820.1_prot_YP_195155.1_126	lcl|NC_013085.1_prot_YP_003097323.1_89	lcl|NC_008296.2_prot_YP_717823.1_149								
OG0000091									lcl|NC_006883.2_prot_YP_214403.2_170	lcl|NC_006884.2_prot_YP_214691.1_144	lcl|NC_006820.1_prot_YP_195163.1_134	lcl|NC_013085.1_prot_YP_003097312.1_78	lcl|NC_008296.2_prot_YP_717829.1_155								
OG0000092									lcl|NC_006883.2_prot_YP_214406.1_173	lcl|NC_006884.2_prot_YP_214702.1_155	lcl|NC_006820.1_prot_YP_195165.1_136	lcl|NC_013085.1_prot_YP_003097310.1_76	lcl|NC_008296.2_prot_YP_717838.1_164								
OG0000093									lcl|NC_006883.2_prot_YP_214420.1_187	lcl|NC_006884.2_prot_YP_214712.1_166	lcl|NC_006820.1_prot_YP_195171.2_142	lcl|NC_013085.1_prot_YP_003097302.1_68	lcl|NC_008296.2_prot_YP_717848.1_174								
OG0000094									lcl|NC_006883.2_prot_YP_214426.1_193	lcl|NC_006884.2_prot_YP_214716.1_170	lcl|NC_006820.1_prot_YP_195174.2_145	lcl|NC_013085.1_prot_YP_003097297.1_63	lcl|NC_008296.2_prot_YP_717854.1_180								
OG0000095									lcl|NC_006883.2_prot_YP_214434.1_201	lcl|NC_006884.2_prot_YP_004030775.1_177	lcl|NC_006820.1_prot_YP_195181.1_152	lcl|NC_013085.1_prot_YP_003097291.1_57	lcl|NC_008296.2_prot_YP_717859.1_185								
OG0000096									lcl|NC_006883.2_prot_YP_214437.1_204	lcl|NC_006884.2_prot_YP_214725.1_179	lcl|NC_006820.1_prot_YP_195183.1_154	lcl|NC_013085.1_prot_YP_003097289.1_55	lcl|NC_008296.2_prot_YP_717861.1_187								
OG0000097									lcl|NC_006883.2_prot_YP_214472.1_239	lcl|NC_006884.2_prot_YP_214700.1_153		lcl|NC_013085.1_prot_YP_003097264.1_30	lcl|NC_008296.2_prot_YP_717836.1_162					lcl|NC_020872.1_prot_YP_007676868.1_22			
OG0000098									lcl|NC_006883.2_prot_YP_214486.1_253	lcl|NC_006884.2_prot_YP_214735.1_196	lcl|NC_006820.1_prot_YP_195199.1_171	lcl|NC_013085.1_prot_YP_003097278.1_44	lcl|NC_008296.2_prot_YP_717875.1_201								
OG0000099									lcl|NC_006883.2_prot_YP_214547.1_316	lcl|NC_006884.2_prot_YP_214750.2_211	lcl|NC_006820.1_prot_YP_195197.1_169	lcl|NC_013085.1_prot_YP_003097454.1_220	lcl|NC_008296.2_prot_YP_717892.1_218								
OG0000100									lcl|NC_006883.2_prot_YP_214548.1_317	lcl|NC_006884.2_prot_YP_214752.1_213	lcl|NC_006820.1_prot_YP_195219.1_188	lcl|NC_013085.1_prot_YP_003097250.1_16	lcl|NC_008296.2_prot_YP_717893.1_219								
OG0000101									lcl|NC_006883.2_prot_YP_214549.1_318	lcl|NC_006884.2_prot_YP_214753.1_214	lcl|NC_006820.1_prot_YP_195221.1_190	lcl|NC_013085.1_prot_YP_003097249.1_15	lcl|NC_008296.2_prot_YP_717894.1_220								
OG0000102									lcl|NC_006883.2_prot_YP_214550.1_319	lcl|NC_006884.2_prot_YP_214754.1_215	lcl|NC_006820.1_prot_YP_195222.1_191	lcl|NC_013085.1_prot_YP_003097248.1_14	lcl|NC_008296.2_prot_YP_717895.1_221								
OG0000103									lcl|NC_006883.2_prot_YP_214232.1_330	lcl|NC_006884.2_prot_YP_214561.1_220	lcl|NC_006820.1_prot_YP_195231.1_200	lcl|NC_013085.1_prot_YP_003097237.1_3	lcl|NC_008296.2_prot_YP_717672.1_1								
OG0000104												lcl|NC_013085.1_prot_YP_003097301.1_67	lcl|NC_008296.2_prot_YP_717880.1_206				lcl|NC_009531.1_prot_YP_001285434.1_25			lcl|NC_003390.2_prot_NP_570329.1_15	lcl|NC_029031.1_prot_YP_009220234.1_46
OG0000105														RUBFNVFB_CDS_0145	SHDOJQCQ_CDS_0158, SHDOJQCQ_CDS_0159, SHDOJQCQ_CDS_0160, SHDOJQCQ_CDS_0161						
OG0000106																	lcl|NC_009531.1_prot_YP_001285455.1_46	lcl|NC_020872.1_prot_YP_007676875.1_29		lcl|NC_003390.2_prot_YP_009173813.1_35	lcl|NC_029031.1_prot_YP_009220197.1_9, lcl|NC_029031.1_prot_YP_009220207.1_19
OG0000107	gi|1444394013|gb|AXK90489.1|, gi|1444394029|gb|AXK90505.1|, gi|1444394030|gb|AXK90506.1|, gi|1444394048|gb|AXK90524.1|																				
OG0000108		lcl|NC_000866.4_prot_NP_049692.1_78, lcl|NC_000866.4_prot_NP_049693.2_79									lcl|NC_006820.1_prot_YP_195212.1_182							lcl|NC_020872.1_prot_YP_007676893.1_47			
OG0000109		lcl|NC_000866.4_prot_NP_049856.1_245							lcl|NC_006883.2_prot_YP_214238.1_2	lcl|NC_006884.2_prot_YP_214563.1_1			lcl|NC_008296.2_prot_YP_717674.1_3								
OG0000110			lcl|NC_001604.1_prot_NP_041995.1_42														lcl|NC_009531.1_prot_YP_001285446.1_37	lcl|NC_020872.1_prot_YP_007676885.1_39		lcl|NC_003390.2_prot_NP_570351.1_26	
OG0000111			lcl|NC_001604.1_prot_NP_041996.1_43														lcl|NC_009531.1_prot_YP_001285447.1_38	lcl|NC_020872.1_prot_YP_007676883.1_37		lcl|NC_003390.2_prot_YP_009173805.1_27	
OG0000112			lcl|NC_001604.1_prot_NP_042000.1_47														lcl|NC_009531.1_prot_YP_001285450.1_41	lcl|NC_020872.1_prot_YP_007676880.1_34		lcl|NC_003390.2_prot_YP_009173808.1_30	
OG0000113			lcl|NC_001604.1_prot_NP_042010.1_57														lcl|NC_009531.1_prot_YP_001285469.1_60	lcl|NC_020872.1_prot_YP_007676860.1_14		lcl|NC_003390.2_prot_YP_009173820.1_49	
OG0000114					gi|525337089|gb|AGR48735.1|, gi|971764894|ref|YP_009217854.1|	gi|117165967|dbj|BAF36275.1|, gi|117530355|ref|YP_851198.1|															
OG0000115					gi|525337087|gb|AGR48733.1|, gi|971764892|ref|YP_009217852.1|	gi|117165965|dbj|BAF36273.1|, gi|117530353|ref|YP_851196.1|															
OG0000116					gi|525337084|gb|AGR48730.1|, gi|971764889|ref|YP_009217849.1|	gi|117165961|dbj|BAF36269.1|, gi|117530349|ref|YP_851192.1|															
OG0000117					gi|525337083|gb|AGR48729.1|, gi|971764888|ref|YP_009217848.1|	gi|117165960|dbj|BAF36268.1|, gi|117530348|ref|YP_851191.1|															
OG0000118					gi|525337082|gb|AGR48728.1|, gi|971764887|ref|YP_009217847.1|	gi|117165959|dbj|BAF36267.1|, gi|117530347|ref|YP_851190.1|															
OG0000119					gi|525337081|gb|AGR48727.1|, gi|971764886|ref|YP_009217846.1|	gi|117165958|dbj|BAF36266.1|, gi|117530346|ref|YP_851189.1|															
OG0000120					gi|525337080|gb|AGR48726.1|, gi|971764885|ref|YP_009217845.1|	gi|117165957|dbj|BAF36265.1|, gi|117530345|ref|YP_851188.1|															
OG0000121					gi|525337079|gb|AGR48725.1|, gi|971764884|ref|YP_009217844.1|	gi|117165956|dbj|BAF36264.1|, gi|117530344|ref|YP_851187.1|															
OG0000122					gi|525337078|gb|AGR48724.1|, gi|971764883|ref|YP_009217843.1|	gi|117165955|dbj|BAF36263.1|, gi|117530343|ref|YP_851186.1|															
OG0000123					gi|525337077|gb|AGR48723.1|, gi|971764882|ref|YP_009217842.1|	gi|117165954|dbj|BAF36262.1|, gi|117530342|ref|YP_851185.1|															
OG0000124					gi|525337076|gb|AGR48722.1|, gi|971764881|ref|YP_009217841.1|	gi|117165953|dbj|BAF36261.1|, gi|117530341|ref|YP_851184.1|															
OG0000125					gi|525337073|gb|AGR48719.1|, gi|971764878|ref|YP_009217838.1|	gi|117165950|dbj|BAF36258.1|, gi|117530338|ref|YP_851181.1|															
OG0000126					gi|525337071|gb|AGR48717.1|, gi|971764876|ref|YP_009217836.1|	gi|117165948|dbj|BAF36256.1|, gi|117530336|ref|YP_851179.1|															
OG0000127					gi|525337069|gb|AGR48715.1|, gi|971764874|ref|YP_009217834.1|	gi|117165946|dbj|BAF36254.1|, gi|117530334|ref|YP_851177.1|															
OG0000128					gi|525337068|gb|AGR48714.1|, gi|971764873|ref|YP_009217833.1|	gi|117165945|dbj|BAF36253.1|, gi|117530333|ref|YP_851176.1|															
OG0000129					gi|525337067|gb|AGR48713.1|, gi|971764872|ref|YP_009217832.1|	gi|117165944|dbj|BAF36252.1|, gi|117530332|ref|YP_851175.1|															
OG0000130					gi|525337066|gb|AGR48712.1|, gi|971764871|ref|YP_009217831.1|	gi|117165943|dbj|BAF36251.1|, gi|117530331|ref|YP_851174.1|															
OG0000131					gi|525337065|gb|AGR48711.1|, gi|971764870|ref|YP_009217830.1|	gi|117165942|dbj|BAF36250.1|, gi|117530330|ref|YP_851173.1|															
OG0000132					gi|525337064|gb|AGR48710.1|, gi|971764869|ref|YP_009217829.1|	gi|117165941|dbj|BAF36249.1|, gi|117530329|ref|YP_851172.1|															
OG0000133					gi|525337062|gb|AGR48708.1|, gi|971764867|ref|YP_009217827.1|	gi|117165940|dbj|BAF36248.1|, gi|117530328|ref|YP_851171.1|															
OG0000134					gi|525337058|gb|AGR48704.1|, gi|971764863|ref|YP_009217823.1|	gi|117165933|dbj|BAF36241.1|, gi|117530321|ref|YP_851164.1|															
OG0000135					gi|525337053|gb|AGR48699.1|, gi|971764858|ref|YP_009217818.1|	gi|117165922|dbj|BAF36230.1|, gi|117530310|ref|YP_851153.1|															
OG0000136					gi|525337050|gb|AGR48696.1|, gi|971764855|ref|YP_009217815.1|	gi|117165916|dbj|BAF36224.1|, gi|117530304|ref|YP_851147.1|															
OG0000137					gi|525337049|gb|AGR48695.1|, gi|971764854|ref|YP_009217814.1|	gi|117165915|dbj|BAF36223.1|, gi|117530303|ref|YP_851146.1|															
OG0000138					gi|525337048|gb|AGR48694.1|, gi|971764853|ref|YP_009217813.1|	gi|117165914|dbj|BAF36222.1|, gi|117530302|ref|YP_851145.1|															
OG0000139					gi|525337047|gb|AGR48693.1|, gi|971764852|ref|YP_009217812.1|	gi|117165913|dbj|BAF36221.1|, gi|117530301|ref|YP_851144.1|															
OG0000140					gi|525337045|gb|AGR48691.1|, gi|971764850|ref|YP_009217810.1|	gi|117165911|dbj|BAF36219.1|, gi|117530299|ref|YP_851142.1|															
OG0000141					gi|525337044|gb|AGR48690.1|, gi|971764849|ref|YP_009217809.1|	gi|117165910|dbj|BAF36218.1|, gi|117530298|ref|YP_851141.1|															
OG0000142					gi|525337042|gb|AGR48688.1|, gi|971764847|ref|YP_009217807.1|	gi|117165908|dbj|BAF36216.1|, gi|117530296|ref|YP_851139.1|															
OG0000143					gi|525337041|gb|AGR48687.1|, gi|971764846|ref|YP_009217806.1|	gi|117165907|dbj|BAF36215.1|, gi|117530295|ref|YP_851138.1|															
OG0000144					gi|525337040|gb|AGR48686.1|, gi|971764845|ref|YP_009217805.1|	gi|117165906|dbj|BAF36214.1|, gi|117530294|ref|YP_851137.1|															
OG0000145					gi|525337039|gb|AGR48685.1|, gi|971764844|ref|YP_009217804.1|	gi|117165905|dbj|BAF36213.1|, gi|117530293|ref|YP_851136.1|															
OG0000146					gi|525337038|gb|AGR48684.1|, gi|971764843|ref|YP_009217803.1|	gi|117165903|dbj|BAF36211.1|, gi|117530291|ref|YP_851134.1|															
OG0000147					gi|525337037|gb|AGR48683.1|, gi|971764842|ref|YP_009217802.1|	gi|117165902|dbj|BAF36210.1|, gi|117530290|ref|YP_851133.1|															
OG0000148					gi|525337036|gb|AGR48682.1|, gi|971764841|ref|YP_009217801.1|	gi|117165901|dbj|BAF36209.1|, gi|117530289|ref|YP_851132.1|															
OG0000149					gi|525337035|gb|AGR48681.1|, gi|971764840|ref|YP_009217800.1|	gi|117165900|dbj|BAF36208.1|, gi|117530288|ref|YP_851131.1|															
OG0000150					gi|525337034|gb|AGR48680.1|, gi|971764839|ref|YP_009217799.1|	gi|117165899|dbj|BAF36207.1|, gi|117530287|ref|YP_851130.1|															
OG0000151					gi|525337033|gb|AGR48679.1|, gi|971764838|ref|YP_009217798.1|	gi|117165898|dbj|BAF36206.1|, gi|117530286|ref|YP_851129.1|															
OG0000152					gi|525337032|gb|AGR48678.1|, gi|971764837|ref|YP_009217797.1|	gi|117165897|dbj|BAF36205.1|, gi|117530285|ref|YP_851128.1|															
OG0000153					gi|525337031|gb|AGR48677.1|, gi|971764836|ref|YP_009217796.1|	gi|117165896|dbj|BAF36204.1|, gi|117530284|ref|YP_851127.1|															
OG0000154					gi|525337030|gb|AGR48676.1|, gi|971764835|ref|YP_009217795.1|	gi|117165895|dbj|BAF36203.1|, gi|117530283|ref|YP_851126.1|															
OG0000155					gi|525337029|gb|AGR48675.1|, gi|971764834|ref|YP_009217794.1|	gi|117165894|dbj|BAF36202.1|, gi|117530282|ref|YP_851125.1|															
OG0000156					gi|525337027|gb|AGR48673.1|, gi|971764832|ref|YP_009217792.1|	gi|117165891|dbj|BAF36199.1|, gi|117530279|ref|YP_851122.1|															
OG0000157					gi|525337026|gb|AGR48672.1|, gi|971764831|ref|YP_009217791.1|	gi|117165890|dbj|BAF36198.1|, gi|117530278|ref|YP_851121.1|															
OG0000158					gi|525337025|gb|AGR48671.1|, gi|971764830|ref|YP_009217790.1|	gi|117165889|dbj|BAF36197.1|, gi|117530277|ref|YP_851120.1|															
OG0000159					gi|525337023|gb|AGR48669.1|, gi|971764828|ref|YP_009217788.1|	gi|117165887|dbj|BAF36195.1|, gi|117530275|ref|YP_851118.1|															
OG0000160					gi|525337022|gb|AGR48668.1|, gi|971764827|ref|YP_009217787.1|	gi|117165886|dbj|BAF36194.1|, gi|117530274|ref|YP_851117.1|															
OG0000161					gi|525337021|gb|AGR48667.1|, gi|971764826|ref|YP_009217786.1|	gi|117165885|dbj|BAF36193.1|, gi|117530273|ref|YP_851116.1|															
OG0000162					gi|525337020|gb|AGR48666.1|, gi|971764825|ref|YP_009217785.1|	gi|117165884|dbj|BAF36192.1|, gi|117530272|ref|YP_851115.1|															
OG0000163					gi|525337019|gb|AGR48665.1|, gi|971764824|ref|YP_009217784.1|	gi|117165882|dbj|BAF36190.1|, gi|117530270|ref|YP_851113.1|															
OG0000164					gi|525337018|gb|AGR48664.1|, gi|971764823|ref|YP_009217783.1|	gi|117165881|dbj|BAF36189.1|, gi|117530269|ref|YP_851112.1|															
OG0000165					gi|525337017|gb|AGR48663.1|, gi|971764822|ref|YP_009217782.1|	gi|117165880|dbj|BAF36188.1|, gi|117530268|ref|YP_851111.1|															
OG0000166					gi|525337016|gb|AGR48662.1|, gi|971764821|ref|YP_009217781.1|	gi|117165879|dbj|BAF36187.1|, gi|117530267|ref|YP_851110.1|															
OG0000167					gi|525337014|gb|AGR48660.1|, gi|971764819|ref|YP_009217779.1|	gi|117165877|dbj|BAF36185.1|, gi|117530265|ref|YP_851108.1|															
OG0000168					gi|525337013|gb|AGR48659.1|, gi|971764818|ref|YP_009217778.1|	gi|117165876|dbj|BAF36184.1|, gi|117530264|ref|YP_851107.1|															
OG0000169					gi|525337012|gb|AGR48658.1|, gi|971764817|ref|YP_009217777.1|	gi|117165875|dbj|BAF36183.1|, gi|117530263|ref|YP_851106.1|															
OG0000170					gi|525337010|gb|AGR48656.1|, gi|971764815|ref|YP_009217775.1|	gi|117165873|dbj|BAF36181.1|, gi|117530261|ref|YP_851104.1|															
OG0000171					gi|525337009|gb|AGR48655.1|, gi|971764814|ref|YP_009217774.1|	gi|117165872|dbj|BAF36180.1|, gi|117530260|ref|YP_851103.1|															
OG0000172					gi|525337008|gb|AGR48654.1|, gi|971764813|ref|YP_009217773.1|	gi|117165871|dbj|BAF36179.1|, gi|117530259|ref|YP_851102.1|															
OG0000173					gi|525337007|gb|AGR48653.1|, gi|971764812|ref|YP_009217772.1|	gi|117165870|dbj|BAF36178.1|, gi|117530258|ref|YP_851101.1|															
OG0000174					gi|525337006|gb|AGR48652.1|, gi|971764811|ref|YP_009217771.1|	gi|117165869|dbj|BAF36177.1|, gi|117530257|ref|YP_851100.1|															
OG0000175					gi|525337005|gb|AGR48651.1|, gi|971764810|ref|YP_009217770.1|	gi|117165868|dbj|BAF36176.1|, gi|117530256|ref|YP_851099.1|															
OG0000176					gi|525337004|gb|AGR48650.1|, gi|971764809|ref|YP_009217769.1|	gi|117165867|dbj|BAF36175.1|, gi|117530255|ref|YP_851098.1|															
OG0000177					gi|525337003|gb|AGR48649.1|, gi|971764808|ref|YP_009217768.1|	gi|117165866|dbj|BAF36174.1|, gi|117530254|ref|YP_851097.1|															
OG0000178					gi|525337002|gb|AGR48648.1|, gi|971764807|ref|YP_009217767.1|	gi|117165864|dbj|BAF36172.1|, gi|117530252|ref|YP_851095.1|															
OG0000179					gi|525337001|gb|AGR48647.1|, gi|971764806|ref|YP_009217766.1|	gi|117165863|dbj|BAF36171.1|, gi|117530251|ref|YP_851094.1|															
OG0000180					gi|525337000|gb|AGR48646.1|, gi|971764805|ref|YP_009217765.1|	gi|117165862|dbj|BAF36170.1|, gi|117530250|ref|YP_851093.1|															
OG0000181					gi|525336999|gb|AGR48645.1|, gi|971764804|ref|YP_009217764.1|	gi|117165861|dbj|BAF36169.1|, gi|117530249|ref|YP_851092.1|															
OG0000182					gi|525336998|gb|AGR48644.1|, gi|971764803|ref|YP_009217763.1|	gi|117165860|dbj|BAF36168.1|, gi|117530248|ref|YP_851091.1|															
OG0000183					gi|525336997|gb|AGR48643.1|, gi|971764802|ref|YP_009217762.1|	gi|117165859|dbj|BAF36167.1|, gi|117530247|ref|YP_851090.1|															
OG0000184					gi|525336996|gb|AGR48642.1|, gi|971764801|ref|YP_009217761.1|	gi|117165858|dbj|BAF36166.1|, gi|117530246|ref|YP_851089.1|															
OG0000185					gi|525336995|gb|AGR48641.1|, gi|971764800|ref|YP_009217760.1|	gi|117165857|dbj|BAF36165.1|, gi|117530245|ref|YP_851088.1|															
OG0000186					gi|525336994|gb|AGR48640.1|, gi|971764799|ref|YP_009217759.1|	gi|117165856|dbj|BAF36164.1|, gi|117530244|ref|YP_851087.1|															
OG0000187					gi|525336993|gb|AGR48639.1|, gi|971764798|ref|YP_009217758.1|	gi|117165855|dbj|BAF36163.1|, gi|117530243|ref|YP_851086.1|															
OG0000188					gi|525336992|gb|AGR48638.1|, gi|971764797|ref|YP_009217757.1|	gi|117165854|dbj|BAF36162.1|, gi|117530242|ref|YP_851085.1|															
OG0000189					gi|525336991|gb|AGR48637.1|, gi|971764796|ref|YP_009217756.1|	gi|117165853|dbj|BAF36161.1|, gi|117530241|ref|YP_851084.1|															
OG0000190					gi|525336989|gb|AGR48635.1|, gi|971764794|ref|YP_009217754.1|	gi|117165850|dbj|BAF36158.1|, gi|117530238|ref|YP_851081.1|															
OG0000191					gi|525336988|gb|AGR48634.1|, gi|971764793|ref|YP_009217753.1|	gi|117165849|dbj|BAF36157.1|, gi|117530237|ref|YP_851080.1|															
OG0000192					gi|525336985|gb|AGR48631.1|, gi|971764790|ref|YP_009217750.1|	gi|117165848|dbj|BAF36156.1|, gi|117530236|ref|YP_851079.1|															
OG0000193					gi|525336984|gb|AGR48630.1|, gi|971764789|ref|YP_009217749.1|	gi|117165847|dbj|BAF36155.1|, gi|117530235|ref|YP_851078.1|															
OG0000194					gi|525336983|gb|AGR48629.1|, gi|971764788|ref|YP_009217748.1|	gi|117165846|dbj|BAF36154.1|, gi|117530234|ref|YP_851077.1|															
OG0000195					gi|525336981|gb|AGR48627.1|, gi|971764786|ref|YP_009217746.1|	gi|117165844|dbj|BAF36152.1|, gi|117530232|ref|YP_851075.1|															
OG0000196					gi|525336980|gb|AGR48626.1|, gi|971764785|ref|YP_009217745.1|	gi|117165843|dbj|BAF36151.1|, gi|117530231|ref|YP_851074.1|															
OG0000197					gi|525336979|gb|AGR48625.1|, gi|971764784|ref|YP_009217744.1|	gi|117165842|dbj|BAF36150.1|, gi|117530230|ref|YP_851073.1|															
OG0000198					gi|525336978|gb|AGR48624.1|, gi|971764783|ref|YP_009217743.1|	gi|117165841|dbj|BAF36149.1|, gi|117530229|ref|YP_851072.1|															
OG0000199					gi|525336977|gb|AGR48623.1|, gi|971764782|ref|YP_009217742.1|	gi|117165840|dbj|BAF36148.1|, gi|117530228|ref|YP_851071.1|															
OG0000200					gi|525336976|gb|AGR48622.1|, gi|971764781|ref|YP_009217741.1|	gi|117165839|dbj|BAF36147.1|, gi|117530227|ref|YP_851070.1|															
OG0000201					gi|525336975|gb|AGR48621.1|, gi|971764780|ref|YP_009217740.1|	gi|117165838|dbj|BAF36146.1|, gi|117530226|ref|YP_851069.1|															
OG0000202					gi|525336974|gb|AGR48620.1|, gi|971764779|ref|YP_009217739.1|	gi|117165837|dbj|BAF36145.1|, gi|117530225|ref|YP_851068.1|															
OG0000203					gi|525336973|gb|AGR48619.1|, gi|971764778|ref|YP_009217738.1|	gi|117165836|dbj|BAF36144.1|, gi|117530224|ref|YP_851067.1|															
OG0000204					gi|525336972|gb|AGR48618.1|, gi|971764777|ref|YP_009217737.1|	gi|117165835|dbj|BAF36143.1|, gi|117530223|ref|YP_851066.1|															
OG0000205					gi|525336971|gb|AGR48617.1|, gi|971764776|ref|YP_009217736.1|	gi|117165834|dbj|BAF36142.1|, gi|117530222|ref|YP_851065.1|															
OG0000206					gi|525336969|gb|AGR48615.1|, gi|971764774|ref|YP_009217734.1|	gi|117165831|dbj|BAF36139.1|, gi|117530219|ref|YP_851062.1|															
OG0000207					gi|525336967|gb|AGR48613.1|, gi|971764772|ref|YP_009217732.1|	gi|117165828|dbj|BAF36136.1|, gi|117530216|ref|YP_851059.1|															
OG0000208					gi|525336966|gb|AGR48612.1|, gi|971764771|ref|YP_009217731.1|	gi|117165826|dbj|BAF36134.1|, gi|117530214|ref|YP_851057.1|															
OG0000209					gi|525336965|gb|AGR48611.1|, gi|971764770|ref|YP_009217730.1|	gi|117165825|dbj|BAF36133.1|, gi|117530213|ref|YP_851056.1|															
OG0000210					gi|525336964|gb|AGR48610.1|, gi|971764769|ref|YP_009217729.1|	gi|117165824|dbj|BAF36132.1|, gi|117530212|ref|YP_851055.1|															
OG0000211					gi|525336961|gb|AGR48607.1|, gi|971764766|ref|YP_009217726.1|	gi|117165823|dbj|BAF36131.1|, gi|117530211|ref|YP_851054.1|															
OG0000212					gi|525336960|gb|AGR48606.1|, gi|971764765|ref|YP_009217725.1|	gi|117165822|dbj|BAF36130.1|, gi|117530210|ref|YP_851053.1|															
OG0000213					gi|525336950|gb|AGR48596.1|, gi|525336951|gb|AGR48597.1|, gi|971764755|ref|YP_009217715.1|, gi|971764756|ref|YP_009217716.1|																
OG0000214					gi|525336948|gb|AGR48594.1|, gi|971764753|ref|YP_009217713.1|	gi|117165819|dbj|BAF36127.1|, gi|117530207|ref|YP_851050.1|															
OG0000215					gi|525336947|gb|AGR48593.1|, gi|971764752|ref|YP_009217712.1|	gi|117165817|dbj|BAF36125.1|, gi|117530205|ref|YP_851048.1|															
OG0000216					gi|525336946|gb|AGR48592.1|, gi|971764751|ref|YP_009217711.1|	gi|117165813|dbj|BAF36121.1|, gi|117530201|ref|YP_851044.1|															
OG0000217					gi|525336945|gb|AGR48591.1|, gi|971764750|ref|YP_009217710.1|	gi|117165812|dbj|BAF36120.1|, gi|117530200|ref|YP_851043.1|															
OG0000218					gi|525336944|gb|AGR48590.1|, gi|971764749|ref|YP_009217709.1|	gi|117165811|dbj|BAF36119.1|, gi|117530199|ref|YP_851042.1|															
OG0000219					gi|525336943|gb|AGR48589.1|, gi|971764748|ref|YP_009217708.1|	gi|117165808|dbj|BAF36116.1|, gi|117530196|ref|YP_851039.1|															
OG0000220					gi|525336942|gb|AGR48588.1|, gi|971764747|ref|YP_009217707.1|	gi|117165806|dbj|BAF36114.1|, gi|117530194|ref|YP_851037.1|															
OG0000221					gi|525336941|gb|AGR48587.1|, gi|971764746|ref|YP_009217706.1|	gi|117165805|dbj|BAF36113.1|, gi|117530193|ref|YP_851036.1|															
OG0000222					gi|525336940|gb|AGR48586.1|, gi|971764745|ref|YP_009217705.1|	gi|117165804|dbj|BAF36112.1|, gi|117530192|ref|YP_851035.1|															
OG0000223					gi|525336939|gb|AGR48585.1|, gi|971764744|ref|YP_009217704.1|	gi|117165803|dbj|BAF36111.1|, gi|117530191|ref|YP_851034.1|															
OG0000224					gi|525336938|gb|AGR48584.1|, gi|971764743|ref|YP_009217703.1|	gi|117165802|dbj|BAF36110.1|, gi|117530190|ref|YP_851033.1|															
OG0000225					gi|525336937|gb|AGR48583.1|, gi|971764742|ref|YP_009217702.1|	gi|117165801|dbj|BAF36109.1|, gi|117530189|ref|YP_851032.1|															
OG0000226					gi|525336936|gb|AGR48582.1|, gi|971764741|ref|YP_009217701.1|	gi|117165800|dbj|BAF36108.1|, gi|117530188|ref|YP_851031.1|															
OG0000227					gi|525336935|gb|AGR48581.1|, gi|971764740|ref|YP_009217700.1|	gi|117165799|dbj|BAF36107.1|, gi|117530187|ref|YP_851030.1|															
OG0000228					gi|525336931|gb|AGR48577.1|, gi|971764736|ref|YP_009217696.1|	gi|117165797|dbj|BAF36105.1|, gi|117530185|ref|YP_851028.1|															
OG0000229					gi|525336930|gb|AGR48576.1|, gi|971764735|ref|YP_009217695.1|	gi|117165796|dbj|BAF36104.1|, gi|117530184|ref|YP_851027.1|															
OG0000230					gi|525336929|gb|AGR48575.1|, gi|971764734|ref|YP_009217694.1|	gi|117165793|dbj|BAF36101.1|, gi|117530181|ref|YP_851024.1|															
OG0000231					gi|525336928|gb|AGR48574.1|, gi|971764733|ref|YP_009217693.1|	gi|117165792|dbj|BAF36100.1|, gi|117530180|ref|YP_851023.1|															
OG0000232					gi|525336926|gb|AGR48572.1|, gi|971764731|ref|YP_009217691.1|	gi|117165790|dbj|BAF36098.1|, gi|117530178|ref|YP_851021.1|															
OG0000233					gi|525336923|gb|AGR48569.1|, gi|971764728|ref|YP_009217688.1|	gi|117165787|dbj|BAF36095.1|, gi|117530175|ref|YP_851018.1|															
OG0000234					gi|525336922|gb|AGR48568.1|, gi|971764727|ref|YP_009217687.1|	gi|117165786|dbj|BAF36094.1|, gi|117530174|ref|YP_851017.1|															
OG0000235						gi|117165929|dbj|BAF36237.1|, gi|117165932|dbj|BAF36240.1|, gi|117530317|ref|YP_851160.1|, gi|117530320|ref|YP_851163.1|															
OG0000236						gi|117165832|dbj|BAF36140.1|, gi|117165833|dbj|BAF36141.1|, gi|117530220|ref|YP_851063.1|, gi|117530221|ref|YP_851064.1|															
OG0000237						gi|117165794|dbj|BAF36102.1|, gi|117165795|dbj|BAF36103.1|, gi|117530182|ref|YP_851025.1|, gi|117530183|ref|YP_851026.1|															
OG0000238								gi|1603722276|gb|QBQ73463.1|, gi|1603722282|gb|QBQ73469.1|, gi|1603722336|gb|QBQ73523.1|, gi|1603722455|gb|QBQ73642.1|													
OG0000239								gi|1603722425|gb|QBQ73612.1|						RUBFNVFB_CDS_0136	SHDOJQCQ_CDS_0147				lcl|NC_016564.1_prot_YP_004957294.1_21		
OG0000240									lcl|NC_006883.2_prot_YP_214239.1_3	lcl|NC_006884.2_prot_YP_214564.1_2	lcl|NC_006820.1_prot_YP_195233.1_202		lcl|NC_008296.2_prot_YP_717675.1_4								
OG0000241									lcl|NC_006883.2_prot_YP_214271.1_35	lcl|NC_006884.2_prot_YP_214610.1_53	lcl|NC_006820.1_prot_YP_195267.1_237		lcl|NC_008296.2_prot_YP_717742.1_71								
OG0000242									lcl|NC_006883.2_prot_YP_214274.1_38		lcl|NC_006820.1_prot_YP_195162.1_133	lcl|NC_013085.1_prot_YP_003097313.1_79	lcl|NC_008296.2_prot_YP_717822.1_148								
OG0000243									lcl|NC_006883.2_prot_YP_214278.1_42	lcl|NC_006884.2_prot_YP_214602.1_43	lcl|NC_006820.1_prot_YP_004030798.1_238		lcl|NC_008296.2_prot_YP_717725.1_54								
OG0000244									lcl|NC_006883.2_prot_YP_214298.1_62	lcl|NC_006884.2_prot_YP_214579.1_19		lcl|NC_013085.1_prot_YP_003097460.1_226	lcl|NC_008296.2_prot_YP_717689.1_18								
OG0000245									lcl|NC_006883.2_prot_YP_214348.1_115	lcl|NC_006884.2_prot_YP_214646.1_99	lcl|NC_006820.1_prot_YP_195119.1_91		lcl|NC_008296.2_prot_YP_717773.1_102								
OG0000246									lcl|NC_006883.2_prot_YP_214388.1_155	lcl|NC_006884.2_prot_YP_214686.1_139		lcl|NC_013085.1_prot_YP_003097321.1_87	lcl|NC_008296.2_prot_YP_717824.1_150								
OG0000247									lcl|NC_006883.2_prot_YP_214396.1_163		lcl|NC_006820.1_prot_YP_195159.2_130	lcl|NC_013085.1_prot_YP_003097315.1_81	lcl|NC_008296.2_prot_YP_717764.1_93								
OG0000248									lcl|NC_006883.2_prot_YP_214446.1_213		lcl|NC_006820.1_prot_YP_195256.1_226, lcl|NC_006820.1_prot_YP_195257.1_227, lcl|NC_006820.1_prot_YP_195258.1_228										
OG0000249									lcl|NC_006883.2_prot_YP_214452.1_219	lcl|NC_006884.2_prot_YP_214695.1_148		lcl|NC_013085.1_prot_YP_003097268.1_34	lcl|NC_008296.2_prot_YP_717832.1_158								
OG0000250									lcl|NC_006883.2_prot_YP_214454.1_221	lcl|NC_006884.2_prot_YP_214694.1_147		lcl|NC_013085.1_prot_YP_003097269.1_35	lcl|NC_008296.2_prot_YP_717831.1_157								
OG0000251									lcl|NC_006883.2_prot_YP_214455.1_222	lcl|NC_006884.2_prot_YP_214696.1_149		lcl|NC_013085.1_prot_YP_003097267.1_33	lcl|NC_008296.2_prot_YP_717833.1_159								
OG0000252									lcl|NC_006883.2_prot_YP_214464.1_231	lcl|NC_006884.2_prot_YP_214660.1_113		lcl|NC_013085.1_prot_YP_003097350.1_116	lcl|NC_008296.2_prot_YP_717791.1_121								
OG0000253									lcl|NC_006883.2_prot_YP_214470.1_237	lcl|NC_006884.2_prot_YP_214698.1_151		lcl|NC_013085.1_prot_YP_003097266.1_32	lcl|NC_008296.2_prot_YP_717834.1_160								
OG0000254									lcl|NC_006883.2_prot_YP_214471.1_238	lcl|NC_006884.2_prot_YP_214699.1_152			lcl|NC_008296.2_prot_YP_717835.1_161					lcl|NC_020872.1_prot_YP_007676867.1_21			
OG0000255									lcl|NC_006883.2_prot_YP_214473.1_240	lcl|NC_006884.2_prot_YP_214701.1_154		lcl|NC_013085.1_prot_YP_003097263.1_29	lcl|NC_008296.2_prot_YP_717837.1_163								
OG0000256									lcl|NC_006883.2_prot_YP_214475.1_242	lcl|NC_006884.2_prot_YP_214732.1_192		lcl|NC_013085.1_prot_YP_003097280.1_46	lcl|NC_008296.2_prot_YP_717869.1_195								
OG0000257									lcl|NC_006883.2_prot_YP_214477.1_244	lcl|NC_006884.2_prot_YP_214749.1_210		lcl|NC_013085.1_prot_YP_003097457.1_223	lcl|NC_008296.2_prot_YP_717891.1_217								
OG0000258									lcl|NC_006883.2_prot_YP_214482.1_249	lcl|NC_006884.2_prot_YP_214567.1_5		lcl|NC_013085.1_prot_YP_003097335.1_101	lcl|NC_008296.2_prot_YP_717787.1_116								
OG0000259									lcl|NC_006883.2_prot_YP_214488.1_255, lcl|NC_006883.2_prot_YP_214489.1_256, lcl|NC_006883.2_prot_YP_214501.1_268, lcl|NC_006883.2_prot_YP_214544.1_313												
OG0000260										lcl|NC_006884.2_prot_YP_214576.1_16, lcl|NC_006884.2_prot_YP_214577.1_17			lcl|NC_008296.2_prot_YP_717686.1_15, lcl|NC_008296.2_prot_YP_717687.1_16								
OG0000261										lcl|NC_006884.2_prot_YP_004030761.1_20	lcl|NC_006820.1_prot_YP_195250.1_219	lcl|NC_013085.1_prot_YP_003097450.1_216	lcl|NC_008296.2_prot_YP_717690.1_19								
OG0000262										lcl|NC_006884.2_prot_YP_214633.1_83	lcl|NC_006820.1_prot_YP_195040.1_6	lcl|NC_013085.1_prot_YP_003097409.1_175	lcl|NC_008296.2_prot_YP_717759.1_88								
OG0000263										lcl|NC_006884.2_prot_YP_214635.1_85	lcl|NC_006820.1_prot_YP_195133.1_105	lcl|NC_013085.1_prot_YP_003097348.1_114	lcl|NC_008296.2_prot_YP_717783.1_112								
OG0000264										lcl|NC_006884.2_prot_YP_214636.1_88	lcl|NC_006820.1_prot_YP_195110.1_82	lcl|NC_013085.1_prot_YP_003097390.1_156	lcl|NC_008296.2_prot_YP_717763.1_92								
OG0000265										lcl|NC_006884.2_prot_YP_214656.1_109	lcl|NC_006820.1_prot_YP_195143.1_115	lcl|NC_013085.1_prot_YP_003097338.1_104	lcl|NC_008296.2_prot_YP_717870.1_196								
OG0000266										lcl|NC_006884.2_prot_YP_214666.1_119	lcl|NC_006820.1_prot_YP_195139.1_111	lcl|NC_013085.1_prot_YP_003097342.1_108	lcl|NC_008296.2_prot_YP_717799.1_126								
OG0000267										lcl|NC_006884.2_prot_YP_214676.1_129	lcl|NC_006820.1_prot_YP_195094.1_60	lcl|NC_013085.1_prot_YP_003097374.1_140	lcl|NC_008296.2_prot_YP_717810.1_137								
OG0000268										lcl|NC_006884.2_prot_YP_214733.1_193	lcl|NC_006820.1_prot_YP_195227.1_196	lcl|NC_013085.1_prot_YP_003097243.1_9	lcl|NC_008296.2_prot_YP_717871.1_197								
OG0000269											lcl|NC_006820.1_prot_YP_195102.1_67	lcl|NC_013085.1_prot_YP_003097398.1_164	lcl|NC_008296.2_prot_YP_717757.1_86								lcl|NC_029031.1_prot_YP_009220216.1_28
OG0000270											lcl|NC_006820.1_prot_YP_195124.1_96, lcl|NC_006820.1_prot_YP_195125.1_97, lcl|NC_006820.1_prot_YP_195209.1_179	lcl|NC_013085.1_prot_YP_003097271.1_37									
OG0000271														RUBFNVFB_CDS_0027, RUBFNVFB_CDS_0028	SHDOJQCQ_CDS_0028, SHDOJQCQ_CDS_0029						
OG0000272														RUBFNVFB_CDS_0074, RUBFNVFB_CDS_0075	SHDOJQCQ_CDS_0077, SHDOJQCQ_CDS_0078						
OG0000273														RUBFNVFB_CDS_0104, RUBFNVFB_CDS_0105	SHDOJQCQ_CDS_0111, SHDOJQCQ_CDS_0112						
OG0000274														RUBFNVFB_CDS_0109, RUBFNVFB_CDS_0110	SHDOJQCQ_CDS_0118, SHDOJQCQ_CDS_0119						
OG0000275														RUBFNVFB_CDS_0131, RUBFNVFB_CDS_0132	SHDOJQCQ_CDS_0144, SHDOJQCQ_CDS_0145						
OG0000276																	lcl|NC_009531.1_prot_YP_001285410.1_1	lcl|NC_020872.1_prot_YP_007676858.1_12		lcl|NC_003390.2_prot_YP_009173821.1_51	lcl|NC_029031.1_prot_YP_009220213.1_25
OG0000277																	lcl|NC_009531.1_prot_YP_001285425.1_16	lcl|NC_020872.1_prot_YP_007676851.1_5		lcl|NC_003390.2_prot_YP_009173796.1_8	lcl|NC_029031.1_prot_YP_009220227.1_39
OG0000278																	lcl|NC_009531.1_prot_YP_001285430.1_21	lcl|NC_020872.1_prot_YP_007676847.1_1		lcl|NC_003390.2_prot_YP_009173798.1_10	lcl|NC_029031.1_prot_YP_009220230.1_42
OG0000279																	lcl|NC_009531.1_prot_YP_001285432.1_23	lcl|NC_020872.1_prot_YP_007676896.1_50		lcl|NC_003390.2_prot_YP_009173800.1_13	lcl|NC_029031.1_prot_YP_009220232.1_44
OG0000280																	lcl|NC_009531.1_prot_YP_001285440.1_31	lcl|NC_020872.1_prot_YP_007676891.1_45		lcl|NC_003390.2_prot_YP_009173802.1_21	lcl|NC_029031.1_prot_YP_009220238.1_50
OG0000281																	lcl|NC_009531.1_prot_YP_001285441.1_32	lcl|NC_020872.1_prot_YP_007676890.1_44		lcl|NC_003390.2_prot_YP_009173803.1_22	lcl|NC_029031.1_prot_YP_009220239.1_51
OG0000282																	lcl|NC_009531.1_prot_YP_001285444.1_35	lcl|NC_020872.1_prot_YP_007676887.1_41		lcl|NC_003390.2_prot_NP_570353.1_24	lcl|NC_029031.1_prot_YP_009220190.1_2
OG0000283																	lcl|NC_009531.1_prot_YP_001285451.1_42	lcl|NC_020872.1_prot_YP_007676879.1_33		lcl|NC_003390.2_prot_YP_009173809.1_31	lcl|NC_029031.1_prot_YP_009220193.1_5
OG0000284																	lcl|NC_009531.1_prot_YP_001285452.1_43	lcl|NC_020872.1_prot_YP_007676878.1_32		lcl|NC_003390.2_prot_YP_009173810.1_32	lcl|NC_029031.1_prot_YP_009220194.1_6
OG0000285																	lcl|NC_009531.1_prot_YP_001285453.1_44	lcl|NC_020872.1_prot_YP_007676877.1_31		lcl|NC_003390.2_prot_YP_009173811.1_33	lcl|NC_029031.1_prot_YP_009220195.1_7
OG0000286																	lcl|NC_009531.1_prot_YP_001285454.1_45	lcl|NC_020872.1_prot_YP_007676876.1_30		lcl|NC_003390.2_prot_YP_009173812.1_34	lcl|NC_029031.1_prot_YP_009220196.1_8
OG0000287																	lcl|NC_009531.1_prot_YP_001285458.1_49	lcl|NC_020872.1_prot_YP_007676864.1_18		lcl|NC_003390.2_prot_NP_570379.1_40	lcl|NC_029031.1_prot_YP_009220202.1_14
OG0000288																	lcl|NC_009531.1_prot_YP_001285459.1_50	lcl|NC_020872.1_prot_YP_007676863.1_17		lcl|NC_003390.2_prot_NP_570378.1_41	lcl|NC_029031.1_prot_YP_009220203.1_15
OG0000289	gi|1444394004|gb|AXK90480.1|, gi|1444394057|gb|AXK90533.1|								lcl|NC_006883.2_prot_YP_214431.1_198												
OG0000290	gi|1444394020|gb|AXK90496.1|, gi|1444394041|gb|AXK90517.1|															lcl|NC_024358.1_prot_YP_009042791.1_21					
OG0000291	gi|1444394031|gb|AXK90507.1|				gi|525336953|gb|AGR48599.1|, gi|971764758|ref|YP_009217718.1|																
OG0000292	gi|1444393964|gb|AXK90440.1|, gi|1444393965|gb|AXK90441.1|, gi|1444393966|gb|AXK90442.1|																				
OG0000293	gi|1444393954|gb|AXK90430.1|													RUBFNVFB_CDS_0009	SHDOJQCQ_CDS_0010						
OG0000294		lcl|NC_000866.4_prot_NP_049754.1_141									lcl|NC_006820.1_prot_YP_195237.1_206	lcl|NC_013085.1_prot_YP_003097467.1_233									
OG0000295		lcl|NC_000866.4_prot_NP_049809.1_198, lcl|NC_000866.4_prot_NP_049810.1_199, lcl|NC_000866.4_prot_NP_049811.1_200																			
OG0000296			lcl|NC_001604.1_prot_NP_041984.1_31, lcl|NC_001604.1_prot_NP_041985.1_32, lcl|NC_001604.1_prot_NP_041986.1_33																		
OG0000297						gi|117165919|dbj|BAF36227.1|, gi|117530307|ref|YP_851150.1|		gi|1603722347|gb|QBQ73534.1|													
OG0000298						gi|117165815|dbj|BAF36123.1|, gi|117530203|ref|YP_851046.1|		gi|1603722261|gb|QBQ73448.1|													
OG0000299								gi|1603722460|gb|QBQ73647.1|						RUBFNVFB_CDS_0071	SHDOJQCQ_CDS_0074						
OG0000300								gi|1603722417|gb|QBQ73604.1|						RUBFNVFB_CDS_0106	SHDOJQCQ_CDS_0113						
OG0000301								gi|1603722406|gb|QBQ73593.1|						RUBFNVFB_CDS_0111	SHDOJQCQ_CDS_0120						
OG0000302								gi|1603722315|gb|QBQ73502.1|						RUBFNVFB_CDS_0146	SHDOJQCQ_CDS_0162						
OG0000303									lcl|NC_006883.2_prot_YP_214276.1_40	lcl|NC_006884.2_prot_YP_214569.1_8	lcl|NC_006820.1_prot_YP_195206.1_176										
OG0000304									lcl|NC_006883.2_prot_YP_214296.1_60	lcl|NC_006884.2_prot_YP_214713.1_167	lcl|NC_006820.1_prot_YP_195039.1_5										
OG0000305									lcl|NC_006883.2_prot_YP_214312.1_76	lcl|NC_006884.2_prot_YP_214624.1_67		lcl|NC_013085.1_prot_YP_003097401.1_167									
OG0000306									lcl|NC_006883.2_prot_YP_214398.1_165			lcl|NC_013085.1_prot_YP_003097259.1_25	lcl|NC_008296.2_prot_YP_717881.1_207								
OG0000307									lcl|NC_006883.2_prot_YP_214402.1_169		lcl|NC_006820.1_prot_YP_195263.1_233	lcl|NC_013085.1_prot_YP_003097440.1_206									
OG0000308									lcl|NC_006883.2_prot_YP_214448.1_215				lcl|NC_008296.2_prot_YP_717708.1_37, lcl|NC_008296.2_prot_YP_717709.1_38								
OG0000309									lcl|NC_006883.2_prot_YP_214461.1_228			lcl|NC_013085.1_prot_YP_003097354.1_120	lcl|NC_008296.2_prot_YP_717784.1_113								
OG0000310									lcl|NC_006883.2_prot_YP_214485.1_252	lcl|NC_006884.2_prot_YP_214734.1_195			lcl|NC_008296.2_prot_YP_717874.1_200								
OG0000311									lcl|NC_006883.2_prot_YP_214523.1_292								lcl|NC_009531.1_prot_YP_001285460.1_51	lcl|NC_020872.1_prot_YP_007676862.1_16			
OG0000312									lcl|NC_006883.2_prot_YP_214559.1_328, lcl|NC_006883.2_prot_YP_214560.1_329				lcl|NC_008296.2_prot_YP_717719.1_48								
OG0000313									lcl|NC_006883.2_prot_YP_214235.1_333		lcl|NC_006820.1_prot_YP_195158.1_129	lcl|NC_013085.1_prot_YP_003097437.1_203									
OG0000314										lcl|NC_006884.2_prot_YP_214604.1_46	lcl|NC_006820.1_prot_YP_195270.1_241		lcl|NC_008296.2_prot_YP_717732.1_61								
OG0000315										lcl|NC_006884.2_prot_YP_214658.2_111		lcl|NC_013085.1_prot_YP_003097353.1_119	lcl|NC_008296.2_prot_YP_717786.1_115								
OG0000316										lcl|NC_006884.2_prot_YP_214675.1_128	lcl|NC_006820.1_prot_YP_195224.1_193	lcl|NC_013085.1_prot_YP_003097319.1_85									
OG0000317											lcl|NC_006820.1_prot_YP_195149.1_121	lcl|NC_013085.1_prot_YP_003097328.1_94	lcl|NC_008296.2_prot_YP_717739.1_68								
OG0000318											lcl|NC_006820.1_prot_YP_195180.1_151	lcl|NC_013085.1_prot_YP_003097292.1_58	lcl|NC_008296.2_prot_YP_717858.1_184								
OG0000319											lcl|NC_006820.1_prot_YP_195188.1_159			RUBFNVFB_CDS_0130	SHDOJQCQ_CDS_0143						
OG0000320											lcl|NC_006820.1_prot_YP_195268.1_239	lcl|NC_013085.1_prot_YP_003097435.1_201	lcl|NC_008296.2_prot_YP_717697.1_26								
OG0000321											lcl|NC_006820.1_prot_YP_195269.1_240	lcl|NC_013085.1_prot_YP_003097366.1_132	lcl|NC_008296.2_prot_YP_717721.1_50								
OG0000322											lcl|NC_006820.1_prot_YP_195272.1_243	lcl|NC_013085.1_prot_YP_003097432.1_198	lcl|NC_008296.2_prot_YP_717752.1_81								
OG0000323														RUBFNVFB_CDS_0015, RUBFNVFB_CDS_0016	SHDOJQCQ_CDS_0017						
OG0000324														RUBFNVFB_CDS_0066	SHDOJQCQ_CDS_0069				lcl|NC_016564.1_prot_YP_004957283.1_10		
OG0000325																	lcl|NC_009531.1_prot_YP_001285423.1_14			lcl|NC_003390.2_prot_YP_009173794.1_6	lcl|NC_029031.1_prot_YP_009220224.1_36
OG0000326																	lcl|NC_009531.1_prot_YP_001285426.1_17	lcl|NC_020872.1_prot_YP_007676849.1_3			lcl|NC_029031.1_prot_YP_009220228.1_40
OG0000327																	lcl|NC_009531.1_prot_YP_001285437.1_28			lcl|NC_003390.2_prot_NP_570322.2_17, lcl|NC_003390.2_prot_NP_570384.1_36	
OG0000328																	lcl|NC_009531.1_prot_YP_001285445.1_36			lcl|NC_003390.2_prot_NP_570352.1_25	lcl|NC_029031.1_prot_YP_009220189.1_1
OG0000329																	lcl|NC_009531.1_prot_YP_001285456.1_47			lcl|NC_003390.2_prot_NP_570381.1_38	lcl|NC_029031.1_prot_YP_009220200.1_12
OG0000330	gi|1444394003|gb|AXK90479.1|, gi|1444394058|gb|AXK90534.1|																				
OG0000331	gi|1444394005|gb|AXK90481.1|, gi|1444394056|gb|AXK90532.1|																				
OG0000332	gi|1444394006|gb|AXK90482.1|, gi|1444394055|gb|AXK90531.1|																				
OG0000333	gi|1444394007|gb|AXK90483.1|, gi|1444394054|gb|AXK90530.1|																				
OG0000334	gi|1444394008|gb|AXK90484.1|, gi|1444394053|gb|AXK90529.1|																				
OG0000335	gi|1444394009|gb|AXK90485.1|, gi|1444394052|gb|AXK90528.1|																				
OG0000336	gi|1444394010|gb|AXK90486.1|, gi|1444394051|gb|AXK90527.1|																				
OG0000337	gi|1444394011|gb|AXK90487.1|, gi|1444394050|gb|AXK90526.1|																				
OG0000338	gi|1444394012|gb|AXK90488.1|, gi|1444394049|gb|AXK90525.1|																				
OG0000339	gi|1444394014|gb|AXK90490.1|, gi|1444394047|gb|AXK90523.1|																				
OG0000340	gi|1444394015|gb|AXK90491.1|, gi|1444394046|gb|AXK90522.1|																				
OG0000341	gi|1444394016|gb|AXK90492.1|, gi|1444394045|gb|AXK90521.1|																				
OG0000342	gi|1444394017|gb|AXK90493.1|, gi|1444394044|gb|AXK90520.1|																				
OG0000343	gi|1444394018|gb|AXK90494.1|, gi|1444394043|gb|AXK90519.1|																				
OG0000344	gi|1444394019|gb|AXK90495.1|, gi|1444394042|gb|AXK90518.1|																				
OG0000345	gi|1444394021|gb|AXK90497.1|, gi|1444394040|gb|AXK90516.1|																				
OG0000346	gi|1444394022|gb|AXK90498.1|, gi|1444394039|gb|AXK90515.1|																				
OG0000347	gi|1444394023|gb|AXK90499.1|, gi|1444394038|gb|AXK90514.1|																				
OG0000348	gi|1444394024|gb|AXK90500.1|, gi|1444394037|gb|AXK90513.1|																				
OG0000349	gi|1444394025|gb|AXK90501.1|, gi|1444394036|gb|AXK90512.1|																				
OG0000350	gi|1444394000|gb|AXK90476.1|						gi|2725671174|gb|XAI96277.1|														
OG0000351	gi|1444393980|gb|AXK90456.1|			lcl|NC_001416.1_prot_NP_040597.1_18																	
OG0000352	gi|1444393974|gb|AXK90450.1|			lcl|NC_001416.1_prot_NP_040600.1_21																	
OG0000353		lcl|NC_000866.4_prot_NP_049635.1_20, lcl|NC_000866.4_prot_NP_049636.1_21																			
OG0000354		lcl|NC_000866.4_prot_NP_049801.1_189, lcl|NC_000866.4_prot_NP_813811.1_190																			
OG0000355		lcl|NC_000866.4_prot_NP_049860.1_249, lcl|NC_000866.4_prot_NP_049863.1_252																			
OG0000356			lcl|NC_001604.1_prot_NP_041957.1_4, lcl|NC_001604.1_prot_NP_041958.1_5																		
OG0000357			lcl|NC_001604.1_prot_NP_041971.1_18, lcl|NC_001604.1_prot_NP_041994.1_41																		
OG0000358				lcl|NC_001416.1_prot_NP_040584.1_5, lcl|NC_001416.1_prot_NP_040585.1_6																	
OG0000359				lcl|NC_001416.1_prot_NP_040644.1_66, lcl|NC_001416.1_prot_YP_001551775.1_67																	
OG0000360					gi|525337063|gb|AGR48709.1|, gi|971764868|ref|YP_009217828.1|																
OG0000361					gi|525337052|gb|AGR48698.1|, gi|971764857|ref|YP_009217817.1|																
OG0000362					gi|525336987|gb|AGR48633.1|, gi|971764792|ref|YP_009217752.1|																
OG0000363					gi|525336986|gb|AGR48632.1|, gi|971764791|ref|YP_009217751.1|																
OG0000364					gi|525336970|gb|AGR48616.1|, gi|971764775|ref|YP_009217735.1|																
OG0000365					gi|525336968|gb|AGR48614.1|, gi|971764773|ref|YP_009217733.1|																
OG0000366					gi|525336963|gb|AGR48609.1|, gi|971764768|ref|YP_009217728.1|																
OG0000367					gi|525336962|gb|AGR48608.1|, gi|971764767|ref|YP_009217727.1|																
OG0000368					gi|525336955|gb|AGR48601.1|, gi|971764760|ref|YP_009217720.1|																
OG0000369					gi|525336954|gb|AGR48600.1|, gi|971764759|ref|YP_009217719.1|																
OG0000370					gi|525336952|gb|AGR48598.1|, gi|971764757|ref|YP_009217717.1|																
OG0000371					gi|525336934|gb|AGR48580.1|, gi|971764739|ref|YP_009217699.1|																
OG0000372					gi|525336933|gb|AGR48579.1|, gi|971764738|ref|YP_009217698.1|																
OG0000373					gi|525336932|gb|AGR48578.1|, gi|971764737|ref|YP_009217697.1|																
OG0000374						gi|117165962|dbj|BAF36270.1|, gi|117530350|ref|YP_851193.1|															
OG0000375						gi|117165930|dbj|BAF36238.1|, gi|117530318|ref|YP_851161.1|															
OG0000376						gi|117165912|dbj|BAF36220.1|, gi|117530300|ref|YP_851143.1|															
OG0000377						gi|117165904|dbj|BAF36212.1|, gi|117530292|ref|YP_851135.1|															
OG0000378						gi|117165893|dbj|BAF36201.1|, gi|117530281|ref|YP_851124.1|															
OG0000379						gi|117165883|dbj|BAF36191.1|, gi|117530271|ref|YP_851114.1|															
OG0000380						gi|117165865|dbj|BAF36173.1|, gi|117530253|ref|YP_851096.1|															
OG0000381						gi|117165830|dbj|BAF36138.1|, gi|117530218|ref|YP_851061.1|															
OG0000382						gi|117165829|dbj|BAF36137.1|, gi|117530217|ref|YP_851060.1|															
OG0000383						gi|117165827|dbj|BAF36135.1|, gi|117530215|ref|YP_851058.1|															
OG0000384						gi|117165818|dbj|BAF36126.1|, gi|117530206|ref|YP_851049.1|															
OG0000385						gi|117165816|dbj|BAF36124.1|, gi|117530204|ref|YP_851047.1|															
OG0000386						gi|117165810|dbj|BAF36118.1|, gi|117530198|ref|YP_851041.1|															
OG0000387						gi|117165809|dbj|BAF36117.1|, gi|117530197|ref|YP_851040.1|															
OG0000388						gi|117165798|dbj|BAF36106.1|, gi|117530186|ref|YP_851029.1|															
OG0000389								gi|1603722437|gb|QBQ73624.1|											lcl|NC_016564.1_prot_YP_004957361.1_88		
OG0000390								gi|1603722428|gb|QBQ73615.1|											lcl|NC_016564.1_prot_YP_004957296.1_23		
OG0000391								gi|1603722364|gb|QBQ73551.1|											lcl|NC_016564.1_prot_YP_004957405.1_132		
OG0000392								gi|1603722341|gb|QBQ73528.1|											lcl|NC_016564.1_prot_YP_004957363.1_90		
OG0000393								gi|1603722301|gb|QBQ73488.1|											lcl|NC_016564.1_prot_YP_004957322.1_49		
OG0000394								gi|1603722298|gb|QBQ73485.1|											lcl|NC_016564.1_prot_YP_004957319.1_46		
OG0000395								gi|1603722294|gb|QBQ73481.1|											lcl|NC_016564.1_prot_YP_004957327.1_54		
OG0000396								gi|1603722274|gb|QBQ73461.1|											lcl|NC_016564.1_prot_YP_004957330.1_57		
OG0000397									lcl|NC_006883.2_prot_YP_214236.1_334, lcl|NC_006883.2_prot_YP_214237.1_1												
OG0000398									lcl|NC_006883.2_prot_YP_214262.1_26			lcl|NC_013085.1_prot_YP_003097443.1_209									
OG0000399									lcl|NC_006883.2_prot_YP_214266.1_30	lcl|NC_006884.2_prot_YP_214599.1_40											
OG0000400									lcl|NC_006883.2_prot_YP_214297.1_61			lcl|NC_013085.1_prot_YP_003097281.1_47									
OG0000401									lcl|NC_006883.2_prot_YP_214302.1_65		lcl|NC_006820.1_prot_YP_195050.1_16										
OG0000402									lcl|NC_006883.2_prot_YP_214315.1_79	lcl|NC_006884.2_prot_YP_214616.1_59											
OG0000403									lcl|NC_006883.2_prot_YP_214318.1_82	lcl|NC_006884.2_prot_YP_214626.1_70											
OG0000404									lcl|NC_006883.2_prot_YP_214321.1_85	lcl|NC_006884.2_prot_YP_214613.1_56											
OG0000405									lcl|NC_006883.2_prot_YP_004030785.1_99	lcl|NC_006884.2_prot_YP_214632.1_81											
OG0000406									lcl|NC_006883.2_prot_YP_214335.1_102	lcl|NC_006884.2_prot_YP_004030776.1_184											
OG0000407									lcl|NC_006883.2_prot_YP_214346.1_113	lcl|NC_006884.2_prot_YP_214654.1_107											
OG0000408									lcl|NC_006883.2_prot_YP_214358.1_125, lcl|NC_006883.2_prot_YP_214359.1_126												
OG0000409									lcl|NC_006883.2_prot_YP_214381.1_148			lcl|NC_013085.1_prot_YP_003097449.1_215									
OG0000410									lcl|NC_006883.2_prot_YP_214383.1_150	lcl|NC_006884.2_prot_YP_214688.1_141											
OG0000411									lcl|NC_006883.2_prot_YP_214394.1_161	lcl|NC_006884.2_prot_YP_214580.1_21											
OG0000412									lcl|NC_006883.2_prot_YP_214395.1_162				lcl|NC_008296.2_prot_YP_717694.1_23								
OG0000413									lcl|NC_006883.2_prot_YP_214399.1_166	lcl|NC_006884.2_prot_YP_004030759.1_7											
OG0000414									lcl|NC_006883.2_prot_YP_214407.1_174	lcl|NC_006884.2_prot_YP_214704.1_157											
OG0000415									lcl|NC_006883.2_prot_YP_214409.1_176, lcl|NC_006883.2_prot_YP_214539.1_308												
OG0000416									lcl|NC_006883.2_prot_YP_214445.1_212, lcl|NC_006883.2_prot_YP_214447.1_214												
OG0000417									lcl|NC_006883.2_prot_YP_214460.1_227	lcl|NC_006884.2_prot_YP_214655.1_108											
OG0000418									lcl|NC_006883.2_prot_YP_214479.1_246	lcl|NC_006884.2_prot_YP_214730.1_186											
OG0000419									lcl|NC_006883.2_prot_YP_214480.1_247			lcl|NC_013085.1_prot_YP_003097282.1_48									
OG0000420									lcl|NC_006883.2_prot_YP_214509.1_277	lcl|NC_006884.2_prot_YP_214742.1_203											
OG0000421									lcl|NC_006883.2_prot_YP_214512.1_281			lcl|NC_013085.1_prot_YP_003097261.1_27									
OG0000422									lcl|NC_006883.2_prot_YP_214513.1_282	lcl|NC_006884.2_prot_YP_004030771.1_86											
OG0000423									lcl|NC_006883.2_prot_YP_214518.1_287		lcl|NC_006820.1_prot_YP_195135.2_107										
OG0000424									lcl|NC_006883.2_prot_YP_214521.1_290	lcl|NC_006884.2_prot_YP_214744.1_205											
OG0000425									lcl|NC_006883.2_prot_YP_214528.1_297			lcl|NC_013085.1_prot_YP_003097273.1_39									
OG0000426									lcl|NC_006883.2_prot_YP_214535.1_304, lcl|NC_006883.2_prot_YP_214537.1_306												
OG0000427										lcl|NC_006884.2_prot_YP_214568.1_6	lcl|NC_006820.1_prot_YP_195087.1_53										
OG0000428										lcl|NC_006884.2_prot_YP_214583.1_24			lcl|NC_008296.2_prot_YP_717692.1_21								
OG0000429										lcl|NC_006884.2_prot_YP_214584.1_25			lcl|NC_008296.2_prot_YP_717693.1_22								
OG0000430										lcl|NC_006884.2_prot_YP_214586.1_27			lcl|NC_008296.2_prot_YP_717699.1_28								
OG0000431										lcl|NC_006884.2_prot_YP_214587.1_28			lcl|NC_008296.2_prot_YP_717700.1_29								
OG0000432										lcl|NC_006884.2_prot_YP_214598.1_39	lcl|NC_006820.1_prot_YP_195204.1_174										
OG0000433										lcl|NC_006884.2_prot_YP_214600.1_41			lcl|NC_008296.2_prot_YP_717722.1_51								
OG0000434										lcl|NC_006884.2_prot_YP_214601.1_42			lcl|NC_008296.2_prot_YP_717724.1_53								
OG0000435										lcl|NC_006884.2_prot_YP_004030762.1_44			lcl|NC_008296.2_prot_YP_717726.1_55								
OG0000436										lcl|NC_006884.2_prot_YP_004030763.1_49			lcl|NC_008296.2_prot_YP_717803.1_130								
OG0000437										lcl|NC_006884.2_prot_YP_214607.1_50		lcl|NC_013085.1_prot_YP_003097430.1_196									
OG0000438										lcl|NC_006884.2_prot_YP_214608.1_51		lcl|NC_013085.1_prot_YP_003097428.1_194									
OG0000439										lcl|NC_006884.2_prot_YP_004030770.1_82			lcl|NC_008296.2_prot_YP_717758.1_87								
OG0000440										lcl|NC_006884.2_prot_YP_004030772.1_87			lcl|NC_008296.2_prot_YP_717760.1_89								
OG0000441										lcl|NC_006884.2_prot_YP_214647.1_100			lcl|NC_008296.2_prot_YP_717774.1_103								
OG0000442										lcl|NC_006884.2_prot_YP_214703.1_156			lcl|NC_008296.2_prot_YP_717819.1_145								
OG0000443										lcl|NC_006884.2_prot_YP_004030774.1_161			lcl|NC_008296.2_prot_YP_717844.1_170								
OG0000444										lcl|NC_006884.2_prot_YP_214714.1_168			lcl|NC_008296.2_prot_YP_717852.1_178								
OG0000445										lcl|NC_006884.2_prot_YP_214755.1_216			lcl|NC_008296.2_prot_YP_717896.1_222								
OG0000446											lcl|NC_006820.1_prot_YP_195038.1_4	lcl|NC_013085.1_prot_YP_003097410.1_176									
OG0000447											lcl|NC_006820.1_prot_YP_195042.2_8	lcl|NC_013085.1_prot_YP_003097413.1_179									
OG0000448											lcl|NC_006820.1_prot_YP_195044.1_10		lcl|NC_008296.2_prot_YP_717743.1_72								
OG0000449											lcl|NC_006820.1_prot_YP_195079.1_45, lcl|NC_006820.1_prot_YP_195080.1_46										
OG0000450											lcl|NC_006820.1_prot_YP_195091.1_57	lcl|NC_013085.1_prot_YP_003097420.1_186									
OG0000451											lcl|NC_006820.1_prot_YP_195092.1_58	lcl|NC_013085.1_prot_YP_003097419.1_185									
OG0000452											lcl|NC_006820.1_prot_YP_195093.1_59	lcl|NC_013085.1_prot_YP_003097418.1_184									
OG0000453											lcl|NC_006820.1_prot_YP_195095.1_61	lcl|NC_013085.1_prot_YP_003097416.1_182									
OG0000454											lcl|NC_006820.1_prot_YP_195112.1_84	lcl|NC_013085.1_prot_YP_003097388.1_154									
OG0000455											lcl|NC_006820.1_prot_YP_195121.1_93	lcl|NC_013085.1_prot_YP_003097381.1_147									
OG0000456											lcl|NC_006820.1_prot_YP_195126.1_98	lcl|NC_013085.1_prot_YP_003097364.1_130									
OG0000457											lcl|NC_006820.1_prot_YP_195131.1_103		lcl|NC_008296.2_prot_YP_717780.1_109								
OG0000458											lcl|NC_006820.1_prot_YP_195132.1_104	lcl|NC_013085.1_prot_YP_003097349.1_115									
OG0000459											lcl|NC_006820.1_prot_YP_195167.1_138	lcl|NC_013085.1_prot_YP_003097307.1_73									
OG0000460											lcl|NC_006820.1_prot_YP_195176.1_147	lcl|NC_013085.1_prot_YP_003097296.1_62									
OG0000461											lcl|NC_006820.1_prot_YP_195182.1_153	lcl|NC_013085.1_prot_YP_003097290.1_56									
OG0000462											lcl|NC_006820.1_prot_YP_195192.1_162	lcl|NC_013085.1_prot_YP_003097356.1_122									
OG0000463											lcl|NC_006820.1_prot_YP_195198.1_170	lcl|NC_013085.1_prot_YP_003097279.1_45									
OG0000464											lcl|NC_006820.1_prot_YP_195208.1_178	lcl|NC_013085.1_prot_YP_003097270.1_36									
OG0000465											lcl|NC_006820.1_prot_YP_195216.1_186	lcl|NC_013085.1_prot_YP_003097253.1_19									
OG0000466											lcl|NC_006820.1_prot_YP_195217.1_187	lcl|NC_013085.1_prot_YP_003097251.1_17									
OG0000467											lcl|NC_006820.1_prot_YP_195223.1_192	lcl|NC_013085.1_prot_YP_003097247.1_13									
OG0000468											lcl|NC_006820.1_prot_YP_195249.1_218	lcl|NC_013085.1_prot_YP_003097451.1_217									
OG0000469											lcl|NC_006820.1_prot_YP_195262.1_232	lcl|NC_013085.1_prot_YP_003097441.1_207									
OG0000470												lcl|NC_013085.1_prot_YP_003097245.1_11	lcl|NC_008296.2_prot_YP_717868.1_194								
OG0000471												lcl|NC_013085.1_prot_YP_003097260.1_26	lcl|NC_008296.2_prot_YP_717849.1_175								
OG0000472												lcl|NC_013085.1_prot_YP_003097283.1_49	lcl|NC_008296.2_prot_YP_717883.1_209								
OG0000473												lcl|NC_013085.1_prot_YP_003097285.1_51	lcl|NC_008296.2_prot_YP_717808.1_135								
OG0000474												lcl|NC_013085.1_prot_YP_003097300.1_66	lcl|NC_008296.2_prot_YP_717851.1_177								
OG0000475												lcl|NC_013085.1_prot_YP_003097336.1_102	lcl|NC_008296.2_prot_YP_717785.1_114								
OG0000476												lcl|NC_013085.1_prot_YP_003097351.1_117	lcl|NC_008296.2_prot_YP_717794.1_118								
OG0000477												lcl|NC_013085.1_prot_YP_003097352.1_118	lcl|NC_008296.2_prot_YP_001604089.1_117								
OG0000478												lcl|NC_013085.1_prot_YP_003097365.1_131, lcl|NC_013085.1_prot_YP_003097378.1_144									
OG0000479												lcl|NC_013085.1_prot_YP_003097406.1_172	lcl|NC_008296.2_prot_YP_717695.1_24								
OG0000480												lcl|NC_013085.1_prot_YP_003097415.1_181	lcl|NC_008296.2_prot_YP_717888.1_214								
OG0000481												lcl|NC_013085.1_prot_YP_003097431.1_197	lcl|NC_008296.2_prot_YP_717740.1_69								
OG0000482												lcl|NC_013085.1_prot_YP_003097456.1_222	lcl|NC_008296.2_prot_YP_717804.1_131								
OG0000483												lcl|NC_013085.1_prot_YP_003097470.1_236	lcl|NC_008296.2_prot_YP_717839.1_165								
OG0000484													lcl|NC_008296.2_prot_YP_717705.1_34, lcl|NC_008296.2_prot_YP_717706.2_35								
OG0000485														RUBFNVFB_CDS_0001	SHDOJQCQ_CDS_0002						
OG0000486														RUBFNVFB_CDS_0003	SHDOJQCQ_CDS_0004						
OG0000487														RUBFNVFB_CDS_0004	SHDOJQCQ_CDS_0005						
OG0000488														RUBFNVFB_CDS_0005	SHDOJQCQ_CDS_0006						
OG0000489														RUBFNVFB_CDS_0006	SHDOJQCQ_CDS_0007						
OG0000490														RUBFNVFB_CDS_0007	SHDOJQCQ_CDS_0008						
OG0000491														RUBFNVFB_CDS_0008	SHDOJQCQ_CDS_0009						
OG0000492														RUBFNVFB_CDS_0010	SHDOJQCQ_CDS_0011						
OG0000493														RUBFNVFB_CDS_0011	SHDOJQCQ_CDS_0013						
OG0000494														RUBFNVFB_CDS_0012	SHDOJQCQ_CDS_0014						
OG0000495														RUBFNVFB_CDS_0013	SHDOJQCQ_CDS_0015						
OG0000496														RUBFNVFB_CDS_0014	SHDOJQCQ_CDS_0016						
OG0000497														RUBFNVFB_CDS_0018	SHDOJQCQ_CDS_0018						
OG0000498														RUBFNVFB_CDS_0019	SHDOJQCQ_CDS_0019						
OG0000499														RUBFNVFB_CDS_0020	SHDOJQCQ_CDS_0021						
OG0000500														RUBFNVFB_CDS_0021	SHDOJQCQ_CDS_0022						
OG0000501														RUBFNVFB_CDS_0022	SHDOJQCQ_CDS_0023						
OG0000502														RUBFNVFB_CDS_0023	SHDOJQCQ_CDS_0024						
OG0000503														RUBFNVFB_CDS_0024	SHDOJQCQ_CDS_0025						
OG0000504														RUBFNVFB_CDS_0025	SHDOJQCQ_CDS_0026						
OG0000505														RUBFNVFB_CDS_0026	SHDOJQCQ_CDS_0027						
OG0000506														RUBFNVFB_CDS_0029	SHDOJQCQ_CDS_0030						
OG0000507														RUBFNVFB_CDS_0030	SHDOJQCQ_CDS_0031						
OG0000508														RUBFNVFB_CDS_0031	SHDOJQCQ_CDS_0032						
OG0000509														RUBFNVFB_CDS_0032	SHDOJQCQ_CDS_0033						
OG0000510														RUBFNVFB_CDS_0033	SHDOJQCQ_CDS_0034						
OG0000511														RUBFNVFB_CDS_0034	SHDOJQCQ_CDS_0035						
OG0000512														RUBFNVFB_CDS_0035	SHDOJQCQ_CDS_0036						
OG0000513														RUBFNVFB_CDS_0036	SHDOJQCQ_CDS_0037						
OG0000514														RUBFNVFB_CDS_0037	SHDOJQCQ_CDS_0038						
OG0000515														RUBFNVFB_CDS_0038	SHDOJQCQ_CDS_0039						
OG0000516														RUBFNVFB_CDS_0039	SHDOJQCQ_CDS_0040						
OG0000517														RUBFNVFB_CDS_0040	SHDOJQCQ_CDS_0041						
OG0000518														RUBFNVFB_CDS_0041	SHDOJQCQ_CDS_0043						
OG0000519														RUBFNVFB_CDS_0042	SHDOJQCQ_CDS_0045						
OG0000520														RUBFNVFB_CDS_0044	SHDOJQCQ_CDS_0047						
OG0000521														RUBFNVFB_CDS_0045	SHDOJQCQ_CDS_0048						
OG0000522														RUBFNVFB_CDS_0046	SHDOJQCQ_CDS_0049						
OG0000523														RUBFNVFB_CDS_0047	SHDOJQCQ_CDS_0050						
OG0000524														RUBFNVFB_CDS_0048	SHDOJQCQ_CDS_0051						
OG0000525														RUBFNVFB_CDS_0049	SHDOJQCQ_CDS_0052						
OG0000526														RUBFNVFB_CDS_0050	SHDOJQCQ_CDS_0054						
OG0000527														RUBFNVFB_CDS_0051	SHDOJQCQ_CDS_0055						
OG0000528														RUBFNVFB_CDS_0053	SHDOJQCQ_CDS_0056						
OG0000529														RUBFNVFB_CDS_0054	SHDOJQCQ_CDS_0057						
OG0000530														RUBFNVFB_CDS_0055	SHDOJQCQ_CDS_0058						
OG0000531														RUBFNVFB_CDS_0056	SHDOJQCQ_CDS_0059						
OG0000532														RUBFNVFB_CDS_0057	SHDOJQCQ_CDS_0060						
OG0000533														RUBFNVFB_CDS_0058	SHDOJQCQ_CDS_0061						
OG0000534														RUBFNVFB_CDS_0059	SHDOJQCQ_CDS_0062						
OG0000535														RUBFNVFB_CDS_0060	SHDOJQCQ_CDS_0063						
OG0000536														RUBFNVFB_CDS_0062	SHDOJQCQ_CDS_0065						
OG0000537														RUBFNVFB_CDS_0063	SHDOJQCQ_CDS_0066						
OG0000538														RUBFNVFB_CDS_0064	SHDOJQCQ_CDS_0067						
OG0000539														RUBFNVFB_CDS_0065	SHDOJQCQ_CDS_0068						
OG0000540														RUBFNVFB_CDS_0067	SHDOJQCQ_CDS_0070						
OG0000541														RUBFNVFB_CDS_0068	SHDOJQCQ_CDS_0071						
OG0000542														RUBFNVFB_CDS_0069	SHDOJQCQ_CDS_0072						
OG0000543														RUBFNVFB_CDS_0070	SHDOJQCQ_CDS_0073						
OG0000544														RUBFNVFB_CDS_0072	SHDOJQCQ_CDS_0075						
OG0000545														RUBFNVFB_CDS_0073	SHDOJQCQ_CDS_0076						
OG0000546														RUBFNVFB_CDS_0076	SHDOJQCQ_CDS_0079						
OG0000547														RUBFNVFB_CDS_0077	SHDOJQCQ_CDS_0080						
OG0000548														RUBFNVFB_CDS_0078	SHDOJQCQ_CDS_0081						
OG0000549														RUBFNVFB_CDS_0079	SHDOJQCQ_CDS_0082						
OG0000550														RUBFNVFB_CDS_0081	SHDOJQCQ_CDS_0085						
OG0000551														RUBFNVFB_CDS_0082	SHDOJQCQ_CDS_0086						
OG0000552														RUBFNVFB_CDS_0083	SHDOJQCQ_CDS_0087						
OG0000553														RUBFNVFB_CDS_0084	SHDOJQCQ_CDS_0089						
OG0000554														RUBFNVFB_CDS_0085	SHDOJQCQ_CDS_0090						
OG0000555														RUBFNVFB_CDS_0086	SHDOJQCQ_CDS_0091						
OG0000556														RUBFNVFB_CDS_0087	SHDOJQCQ_CDS_0092						
OG0000557														RUBFNVFB_CDS_0088	SHDOJQCQ_CDS_0093						
OG0000558														RUBFNVFB_CDS_0089	SHDOJQCQ_CDS_0094						
OG0000559														RUBFNVFB_CDS_0090	SHDOJQCQ_CDS_0095						
OG0000560														RUBFNVFB_CDS_0091	SHDOJQCQ_CDS_0096						
OG0000561														RUBFNVFB_CDS_0093	SHDOJQCQ_CDS_0098						
OG0000562														RUBFNVFB_CDS_0094	SHDOJQCQ_CDS_0099						
OG0000563														RUBFNVFB_CDS_0095	SHDOJQCQ_CDS_0101						
OG0000564														RUBFNVFB_CDS_0096	SHDOJQCQ_CDS_0102						
OG0000565														RUBFNVFB_CDS_0097	SHDOJQCQ_CDS_0103						
OG0000566														RUBFNVFB_CDS_0098	SHDOJQCQ_CDS_0104						
OG0000567														RUBFNVFB_CDS_0099	SHDOJQCQ_CDS_0105						
OG0000568														RUBFNVFB_CDS_0100	SHDOJQCQ_CDS_0106						
OG0000569														RUBFNVFB_CDS_0101	SHDOJQCQ_CDS_0107						
OG0000570														RUBFNVFB_CDS_0102	SHDOJQCQ_CDS_0109						
OG0000571														RUBFNVFB_CDS_0103	SHDOJQCQ_CDS_0110						
OG0000572														RUBFNVFB_CDS_0112	SHDOJQCQ_CDS_0121						
OG0000573														RUBFNVFB_CDS_0113	SHDOJQCQ_CDS_0122						
OG0000574														RUBFNVFB_CDS_0115	SHDOJQCQ_CDS_0126						
OG0000575														RUBFNVFB_CDS_0116	SHDOJQCQ_CDS_0128						
OG0000576														RUBFNVFB_CDS_0117	SHDOJQCQ_CDS_0129						
OG0000577														RUBFNVFB_CDS_0118	SHDOJQCQ_CDS_0130						
OG0000578														RUBFNVFB_CDS_0119	SHDOJQCQ_CDS_0131						
OG0000579														RUBFNVFB_CDS_0120	SHDOJQCQ_CDS_0132						
OG0000580														RUBFNVFB_CDS_0121	SHDOJQCQ_CDS_0133						
OG0000581														RUBFNVFB_CDS_0122	SHDOJQCQ_CDS_0134						
OG0000582														RUBFNVFB_CDS_0123	SHDOJQCQ_CDS_0136						
OG0000583														RUBFNVFB_CDS_0124	SHDOJQCQ_CDS_0137						
OG0000584														RUBFNVFB_CDS_0125	SHDOJQCQ_CDS_0138						
OG0000585														RUBFNVFB_CDS_0126	SHDOJQCQ_CDS_0139						
OG0000586														RUBFNVFB_CDS_0127	SHDOJQCQ_CDS_0140						
OG0000587														RUBFNVFB_CDS_0128	SHDOJQCQ_CDS_0141						
OG0000588														RUBFNVFB_CDS_0129	SHDOJQCQ_CDS_0142						
OG0000589														RUBFNVFB_CDS_0134	SHDOJQCQ_CDS_0146						
OG0000590														RUBFNVFB_CDS_0138	SHDOJQCQ_CDS_0149						
OG0000591														RUBFNVFB_CDS_0139	SHDOJQCQ_CDS_0150						
OG0000592														RUBFNVFB_CDS_0141	SHDOJQCQ_CDS_0153						
OG0000593														RUBFNVFB_CDS_0142	SHDOJQCQ_CDS_0154						
OG0000594														RUBFNVFB_CDS_0143	SHDOJQCQ_CDS_0156						
OG0000595														RUBFNVFB_CDS_0144	SHDOJQCQ_CDS_0157						
OG0000596														RUBFNVFB_CDS_0147	SHDOJQCQ_CDS_0163						
OG0000597														RUBFNVFB_CDS_0148	SHDOJQCQ_CDS_0164						
OG0000598														RUBFNVFB_CDS_0149	SHDOJQCQ_CDS_0165						
OG0000599																lcl|NC_024358.1_prot_YP_009042773.1_3					lcl|NC_029031.1_prot_YP_009220220.1_32
OG0000600																	lcl|NC_009531.1_prot_YP_001285415.1_6				lcl|NC_029031.1_prot_YP_009220219.1_31
OG0000601																	lcl|NC_009531.1_prot_YP_001285422.1_13			lcl|NC_003390.2_prot_YP_009173793.1_5	
OG0000602																	lcl|NC_009531.1_prot_YP_001285427.1_18	lcl|NC_020872.1_prot_YP_007676848.1_2			
OG0000603																	lcl|NC_009531.1_prot_YP_001285439.1_30			lcl|NC_003390.2_prot_YP_009173801.1_20	
OG0000604																	lcl|NC_009531.1_prot_YP_001285443.1_34	lcl|NC_020872.1_prot_YP_007676888.1_42			
OG0000605																	lcl|NC_009531.1_prot_YP_001285467.1_58	lcl|NC_020872.1_prot_YP_007676861.1_15			
OG0000606																			lcl|NC_016564.1_prot_YP_004957301.1_28, lcl|NC_016564.1_prot_YP_004957341.1_68		
OG0000607																			lcl|NC_016564.1_prot_YP_004957333.1_60, lcl|NC_016564.1_prot_YP_004957340.1_67		
OG0000608																			lcl|NC_016564.1_prot_YP_004957364.1_91, lcl|NC_016564.1_prot_YP_004957372.1_99		
OG0000609																				lcl|NC_003390.2_prot_NP_570333.1_19	lcl|NC_029031.1_prot_YP_009220237.1_49
OG0000610																				lcl|NC_003390.2_prot_YP_009173814.1_39	lcl|NC_029031.1_prot_YP_009220201.1_13
OG0000611																				lcl|NC_003390.2_prot_YP_009173817.1_46	lcl|NC_029031.1_prot_YP_009220209.1_21
OG0000612																				lcl|NC_003390.2_prot_YP_009173818.1_47	lcl|NC_029031.1_prot_YP_009220208.1_20
OG0000613																				lcl|NC_003390.2_prot_YP_009173819.1_48	lcl|NC_029031.1_prot_YP_009220206.1_18
